pubkey,votekey,dz_fee_lamports_910,dz_fee_lamports_911,dz_fee_lamports_912,dz_fee_lamports_913,dz_fee_lamports_914,previous_fees,paid_910,paid_911,paid_912,paid_913,paid_914,previous_paid
12i8gndWWWMTRzJBFhnYkobNgZB3XMUUJq75HeUrshrk,Cw2b2ng2fa78ndCXHcJMT1pqvdGxUHu5EBEB8KBshrk,0,63176542,7563177,45609028,62575732,1385814036,NA,No,No,No,No,601277195
13DmVBcyrSdsSsLWaKH9x1dwxDf48Wu5wprwxMmLshrk,GLB3jUr5zuu79zFuEH3KP7boxtWsjHVyYRBK2SPshrk,67107827,91965429,42993800,76890891,68780751,1467010945,No,No,No,No,No,517956401
1KXvrkPXwkGF6NK1zyzVuJqbXfpenPVPP6hoiK9bsK3,1KXz4xKV2viJCGpxqnQqdf2J45vQr5USdmtcJLTaHkm,247787367,197991777,192041799,339714239,193770376,7197533824,No,No,No,No,No,7023712868
1Link6hB1NpkCwJt3ZtpQKZszKauhEcKgiWjaU8PRDG,1LinkCP4qUqGvUiNuAWhAxQyopdBxsh4vhfLBb4apyR,0,0,0,0,0,932965129,NA,NA,NA,NA,NA,497116539
1i1yPyh843bTfi5qPgqozTbDcEX65rUNEFcUT2KAs2i,1i1yax3thZfiV8id5HTA61bjsxEi4pbjmhXsqy6JePP,155346308,145560924,97046101,105240785,131252271,6465156975,Yes,Yes,Yes,No,No,6465156975
23SUe5fzmLws1M58AnGnvnUBRUKJmzCpnFQwv4M4b9Er,4PsiLMyoUQ7QRn1FFiFCvej4hsUTFzfvJnyN4bj1tmSN,409571054,290517203,266169158,404406294,443173638,19204675603,Yes,Yes,Yes,Yes,No,14148034388
2AKKnirWVZMhnzuwqpizw9SwfZjGpRFLx2zCCNtPWpbc,CHiaohVV2SQCFhiYP73iQzWT6HxnZqnAZJJqAYTeLAo,307768507,214918767,138603090,208858123,207571225,7451574059,Yes,Yes,Yes,Yes,No,7451574059
2Eq6YD8P8QXTeoz9h6JHjgZ55t8RSxNdx4waMDCoPmQU,C8MLmDCg3LReWoNCkFdHgsscFpHx2WdtcU9ZziNfXrhd,170819112,156999816,94628359,124860519,140005704,3087610994,Yes,Yes,Yes,Yes,No,3087610994
2Le6TjeEescF87qDA8Ftdz6U8Kq6SNVwoLJLhzBCHUr5,Fe5zMqkmoYbwnXH9RHjFy7YMRnak9so2bzPBroPJ4iiX,70378941,65774883,22197020,48844624,70849862,1282150620,No,No,No,No,No,0
2N7v8pDKDYhtBUJBQUgxvysUjgM9s4ULPCmeEiPWTf6Z,F3scMRjzSvXUa7JoK2uwBjNsYGi5sM84sDzE7FfGBo6o,417981170,336464778,243328001,331064410,267040827,8724120167,Yes,Yes,Yes,Yes,No,8724120167
2NeqnzhgQBUEyMdWyVAXJjCYA3E2UTYXVdqutSQ27h17,CRank3fb5Nbi7AHEPCZyNQookwAzHZfsgwgRU7DEA1GS,0,0,0,0,0,6580928,NA,NA,NA,NA,NA,0
2P9ZYA4vBoBBr56hrEFTmrd5ctuz3r7wtvRYmbgk6jRL,FGtsnE1HB4bBi6g4xAt5mvWtuC3qBPWPBgWVrnRmUiVH,191649481,287869167,213738181,222123594,193727273,7345161489,Yes,Yes,Yes,Yes,No,7345161489
2Rv9npqdWE1mLPsT1r2obn3xtKmA5afkxt8GsWeLnKoc,BrRf2kyJEuW8TgdeDjvJcKK4NzTzRtM9RB6WuVKXHxkN,279355933,243594248,214391012,302309883,200986466,4874668303,Yes,Yes,Yes,Yes,No,4874668303
2UBhtRuyr9nvWsUnrbWrvJiYWEU8TVBD4PLYQJKiRa9H,Luna8BkZNpZ9DKmszrZYPvFpTr4eJJfxxTnGDwTrYkv,218569125,198004006,165405467,169444835,74380244,4344806835,No,No,No,No,No,2461199230
2Ue9zGmDnvYRrJNEjuAdNkbbickw6fKWtbeNM7T2rakg,6559KMdiUseNSAkRcK9WcFcNTppoj6jWtKVedpMkBYCn,7017537,33037446,30345900,14654534,21702253,2248972283,Yes,No,No,No,No,1092604789
2VKu11f8zc3huqDQUN6WJTFpX32PgHpXXjf72P6YvYMd,EUiPhYZ8NoWX5ZzDh2cRR1fAS4su9jjV3YE7veyactzd,81494030,158805674,150419710,116914988,121132220,3042529564,Yes,Yes,Yes,Yes,No,3042529564
2X7WoaXX9KPqNrNfvguhnwo3rjFPNsfw2t75fGjWRthz,BmMVRAVef2qmJ1tJpG3JwRUtnfEiTbvDw9ZeFEi4wE7D,79724716,71127592,111257977,116399120,101266127,1155105335,Yes,Yes,Yes,Yes,No,1155105335
2XmhZKHmfjku3T3nC9xKhgr5bm1CAmWXqNsNt49mo82C,Ebm1XKkMzaFg2L5rzLPBnFHMtpDPa6SWJ7nVUzZUmXmR,303718649,295368140,204264257,303417377,300477592,8655553278,Yes,Yes,Yes,Yes,No,8655553278
2abwQG3v2xRemFxRszVHSfnjJNe9zu5X8duKgxjyLeaK,EogKVYgic8LKAuV1kR9nRqJaS5zpwCvSMfqoehzmAMpK,92986017,549559004,50648972,52618611,56420852,4309467291,Yes,Yes,No,No,No,4309467291
2gDeeRa3mwPPtw1CMWPkEhRWo9v5izNBBfEXanr8uibX,3Xn3K5zeTzs4sURj1PCRaF6rvFg2hPgT49B4SiM998f7,282941719,796813913,278135237,357561287,321126021,11957498441,Yes,Yes,Yes,Yes,No,11957498441
2iXZmNQmmgE5ZeTQ1GMhhYGDqDr2BiqdEu3DbGJDo8MA,2ViVhbfV3uJb5xVBBBs4HZaoMK1M2WhHJB1sRDnp8R4o,0,0,0,0,0,647938108,NA,NA,NA,NA,NA,434696318
2icWF7TvxyycF7d1NHpMZYuJJqiRy2h7wmjFSbqUij1B,CzGLRXJXoDo9q86MpphPVNNsTgAxHvZfUfAiouWDH89M,139844195,62080005,109721344,143387426,84899876,3186745324,No,No,No,No,No,0
2kVZVTY8FMRZ3WuHzyqNz8qd4Ytbba9f9DaesUm5WLvR,4FsAxdHQ6HmFrDD7yCwsKNApuA67QYSCMoLAy3NfySxJ,353833920,284146573,355319720,380822523,540418927,3205627725,Yes,Yes,Yes,Yes,No,3205627725
2m1A2WM1vte7RWz5xTTw4i1SiXmngVtXhqFERaUjoAAb,8wTSPukwTAzNzEYyUdc8UiKkTg1hNtZ1xLum7o1Ne6wr,3158167301,3418054531,2909956719,2707279103,3893694064,45121836774,Yes,Yes,Yes,Yes,No,45121836774
2nhGaJvR17TeytzJVajPfABHQcAwinKoCG8F69gRdQot,mNyQrNRYAuL2CwNCGmCsmwj9EcG88Sf8hs5rCirZaUr,110918936,147564481,60542829,88669103,93877672,3532632644,Yes,Yes,Yes,Yes,No,3532632644
2pCxbAfUEwuL2k9Fiz3xnronPqRnXsuz9XV76ddq2GEt,BZZFpWeasotFsxhwiwTz37BqtV5BjQtfkrVxz73zqQV,0,0,0,0,0,361682734,NA,NA,NA,NA,NA,0
2t53LvZfskcpXkdwLaBnfZLbNgyVHPu2BNFpcRBaEBhM,Gvt8s5Bwnhg4G27VbnT1Zkfh7Jsztq6CNvZcc5anPonS,284838910,307909204,230143311,304645837,251827243,7411809334,Yes,Yes,Yes,Yes,No,7411809334
2uxEHizFmmnLekKG2LZJwxNabhpymEYfdVCpgDxjt87m,Dcoj98wWiKhA4iqxcSg7NtuR2miA7tZqtycMdkPo8XDw,309125822,517933180,102930413,153903827,186377667,8327163181,Yes,Yes,Yes,Yes,No,8327163181
2xKovmftuWNTwCWGtw2Cc6aZovgMZyKaoKK68n1ZLmww,HuoKCk1cRQ3NZyh6q6SkfTo1prQjqvWP36PzgXpj2koF,0,0,0,0,0,0,NA,NA,NA,NA,NA,0
2zykwzzo1pd3H2oSj5j5SRLTvmpa9Nr2S2Bh8tTVd5Tq,Hmq1oALENff8DejgYhJxB4njb6pyCtuMKKxotdZicB4n,141494568,138854261,112337984,225348639,214385319,7693665631,Yes,Yes,Yes,Yes,No,7693665631
31Vn7q63y4hyzL9DV5gdMF17tSEmq65i4dpzQssM4rhE,CX312wwMGh4j4vRfpfHFSr32A7wxeESKvjp9iZfVaRYP,0,0,0,0,0,0,NA,NA,NA,NA,NA,0
3ARtLeVB83RoGAwRot8dh74pc2uqbPi6JwbkwDzqk91m,T2B5S9sTJCRi9mcpCbHi2rAdqfT3Y7tsm6ahnWhvH75,0,0,0,0,0,2213116197,NA,NA,NA,NA,NA,1974776036
3B2mGaZoFwzAnWCoZ4EAKdps4FbYbDKQ48jo8u1XWynU,edu1fZt5i82cFm6ujUoyXLMdujWxZyWYC8fkydWHRNT,321798668,558966050,255889450,345187268,361632780,10154113163,Yes,Yes,Yes,Yes,No,10154113163
3BeharBd3j4sKQp7Qze27JLQLd9AEEwGTX9TC7dXYSNw,CP6mfD4Qc5AYrboXBAQeHMYj5x1UnYksDXRjG7DMkHH7,103510184,182840415,97963860,135909880,104412294,3288864801,Yes,Yes,Yes,Yes,No,3288864801
3C2cXXVHCm2w2EWnHUNxhtZCB2EMv2AeJ4TpW5ws18fi,HjQugFHAUm7XbaZhmjnGioNUccdMUnFmwFTJgepm5q3n,426968922,511205743,364137974,274333152,358221622,6800728677,No,No,No,No,No,0
3CKKAoVi94EnfX8QcVxEmk8CAvZTc6nAYzXp1WkSUofX,4MU64AyHBkRBUAYgAm91sP5vFgzUUgFHuS82CVhE8Q2Q,163644599,110064141,95259570,110178579,163426086,6179768653,Yes,Yes,Yes,Yes,No,6179768653
3DaPk6TdeGnEBwTR8fEyZSLkdayk6vZXrqGZhAgYK8BV,2ZiMfQaT59j86HVWCvspuMtBotnVBeTc3BKk3kKpwgKP,139228455,75207596,128851706,98884600,60052488,7418104662,Yes,Yes,Yes,Yes,No,7418104662
3NAiocPECqQVLB23jHBbb5zgPqkacdSu5UReUtJ4YMrj,2bUEQXx88Gog7ysqoAfY3mRdHtw5eYdfeCkbcMsm48RW,0,0,0,0,0,0,NA,NA,NA,NA,NA,0
3Pfubj3ytkRxFAGwFb5vtacuZJUxko5Du39xie9MBXuC,94EhHE7MaKHq4p8oFADeyizDjwYwgFn1YBYGky8mR35z,185491644,96779434,121535203,113312171,189945735,7868892321,Yes,Yes,Yes,Yes,No,7868892321
3RXKQBRv7xKTQeNdLSPhCiD4QcUfxEQ12rtgUkMf5LnS,BxFf75Vtzro2Hy3coFHKxFMZo5au8W7J8BmLC3gCMotU,429855657,577796087,468141722,513787714,538598762,16955423433,Yes,Yes,Yes,Yes,No,16955423433
3Rv6ZVGUuRczP76322LyhTTYw2iM4avV4B5xFJocQJer,GaxxAn5335dA4U3772MCFeqdyqCVEfmsQTQ47YXfC2Xi,134760416,189697014,240969406,131497176,189849914,4630148385,Yes,Yes,Yes,Yes,No,4630148385
3Uwkpd9ZKxhuTDWKuiFbJee9Z1ZJPxpkin9476Bwc7Ha,4u1Wi5yANaD9ABmi8xpdUYGLQSFxghX1D6LfgzdzrhdG,0,0,0,0,0,1772924939,NA,NA,NA,NA,NA,1345868389
3V2xaccDpFib4DbTksdiveNDmiwpXBqSWyjSof3w1Bg7,34yvUa2fxfm2tUqxFEj9PHrVNwCcdzd51eo9hntWpZRs,175995376,205877714,158282669,150197383,175192390,1535051895,Yes,Yes,Yes,Yes,No,1535051895
3ddX9QcC6DjFqPTysrFWtR48v5g3wJjB862sji4s5Tui,5ykxx3TJTfvkeV71NkJSMTdGMfTm6oV5vVA8bPkv59mw,0,0,0,0,0,549370961,NA,NA,NA,NA,NA,429262215
3j1dv2SP3xtG5vcqiqTSpc9C3h4wQnnzh3aqBcx6fU7h,3wnR7phx1zh7dDyRU3MJEGqrvTRZDxH44SykRsenKSbd,0,0,0,0,0,663366707,NA,NA,NA,NA,NA,501476868
3psxMyr7rQzywVp1MXKd1XFmFz33NjydzCoJx9t2sMQW,23XqhxnRHt5gQWHowvyRHDX4Ky6BZyFdYxjTzxx2QEFr,0,0,0,0,2010667988,0,NA,NA,NA,NA,No,0
3s97yjq2MhoPVPC3U9VeE3Z5S643Pweovg88ysvrQPw5,D3QPJm7BDzzPeRG51YZSEz3LfV7GvFNu9NkcibzURxuj,286987222,371780695,299592403,264675980,290329652,12661601920,Yes,Yes,Yes,Yes,No,12661601920
3tm92VTxwyZ5MDhGoYR4tVTkwWYkzfam6hwBjauUACCk,4m1PbxzwLdUnEwog3T9UKxgjktgriHgE1CfAhMqDw7Xx,238005464,164988208,191020655,242223960,201664780,11733934964,Yes,Yes,Yes,Yes,No,11733934964
3x9nibnhgBHWKMRiGnsXJELRBjviQpKyigfrXtKW27KJ,5afRnmkFn1pRU9oussqwk1RRBVyoDgUkL16Jz4qNf574,172696563,140755719,165249468,135726065,126436973,3924453418,No,No,No,No,No,3924453418
43Am3PKFeo9cACpqYL5Sk95rpVdxLw3Mc22PqRqZXEW2,EBVj3uwSKZpqEb1K267JaPxDQhULVqCy6hYeQqjsPh81,349865564,228307563,0,281548523,263936126,12607152171,Yes,Yes,NA,Yes,No,12607152171
44ZDKo96gQR1h2afAA3oXgutUzHcRXH72RYxhtGxzWYk,FsMucSM7B5y5PtehabtQJjDrGmKcMEtwvt1TpSjDrcZW,0,0,0,0,0,410998200,NA,NA,NA,NA,NA,187253836
451X5rboJpJtXK2gj4dLsXv8yCGfujqus2HsYjMkkSpE,FqERCVEHjm9P9hghJwWbyN4TqwCCAYteeX1v6gBtt88p,0,0,0,0,0,768561278,NA,NA,NA,NA,NA,542127290
49j9bnkdgVNxLwsZ9h88sPR5MYEmsUyKrrJ6ZW8ijBrb,9QFvZhLvpbcFJTPkKq5wTWR2DGTXqrsP8z9igPgjSsZ1,68425045,115706473,81529261,118605253,141893057,5351155485,Yes,Yes,Yes,Yes,No,5351155485
4CymATQ8a9qJUmCh5ygNFCePNQVgiKGkobvki5i45BiB,6VSu1wCkeugWdSB3ZgCCFSAttu5XTuSWVRD1vJVPVQXq,0,0,0,0,0,966341372,NA,NA,NA,NA,NA,703359870
4FpN4MBzrB8FUyzNKSxxXzSDWqV7o4HotaypJ8tF4tYg,Dxy5rr77bH8j34QupCLj6hMGb5UahYhhYfC8RE3jse4p,0,0,0,0,0,0,NA,NA,NA,NA,NA,0
4GEEKSwuiBHWTff9WaqrDcToZjbX6KYdyB4c578Zxse2,4GEEKSwzc242QKF1uzzodpFaxb4GShQEZhkZfeXd27Vi,47520675,80593078,54037704,54265741,23451366,1762188259,Yes,Yes,Yes,Yes,No,1762188259
4JTfCRjd6SzZdoKqdvStHvaKHBYCe9iENAnG4iDTrGW2,46Acpa1Md9k2Nxkr7Xp7eDRbzNt4AGXPGyzZ4fnJ7z8y,0,0,0,0,0,619375511,NA,NA,NA,NA,NA,570484353
4RLcStbSkt5S1Xm4mStup6N13PGyAfAWy7Vs5d7yJRnY,5ML8GpaqaZ3bv4nCKLRY8gb2WNMJkXinHwDwMWeNWjkk,0,0,0,0,0,1944570961,NA,NA,NA,NA,NA,1466324791
4SgoyAwN26iu9Gpf12Bk1rnzp4G4yDUM3XVv4w7VQcAf,sdo2QoiSsPknraeCts5GeBkV3AYDdtuxJ3VpYCS1CxR,201571865,263746798,130569617,145902889,126134842,8037027701,Yes,Yes,Yes,Yes,No,8037027701
4VrjyXQT61WFSjuG3ehgqZUK1jqvYqB46veQbXLotq3n,FahWJg2PkphJaMUUCzdYhXkD5NngUuuFRFD3YCE3BSwb,0,0,0,0,0,6728613291,NA,NA,NA,NA,NA,2577891616
4W3jdXyqhLCjzA3Liu8ZNjViwrc6N9YjSB7obbxfjcKE,3hhEWRNAVzqRjmF9hW5nYkrmDMxKKzGziE11Sg7yk3iX,125949824,200284646,201408170,212035524,243768790,2192451549,Yes,Yes,Yes,Yes,No,2192451549
4XspXDcJy3DWZsVdaXrt8pE1xhcLpXDKkhj9XyjmWWNy,9sWYTuuR4s12Q4SuSfo5CfWaFggQwA6Z8pf8dWowN5rk,472873959,438539912,441022746,488255985,391521168,14989559296,Yes,Yes,Yes,Yes,No,14989559296
4YGgmwyqztpJeAi3pzHQ4Gf9cWrMHCjZaWeWoCK6zz6X,8jxSHbS4qAnh5yueFp4D9ABXubKqMwXqF3HtdzQGuphp,63482498,104360986,57706442,36031700,65775994,2605049806,Yes,Yes,Yes,Yes,No,2605049806
4aRPyjsqqFsf5488a9QAaHJLQJMGwoL5P6wRtLmroe2d,8EVaZkBcoJAAyyRZfozNAnZiEopgPvnixx5Ja5PpVDae,208296406,199836021,167088774,191717085,401742458,7789680982,Yes,Yes,Yes,Yes,No,7789680982
4b1onMDEasBh4BuPekQWijx3BYR64hAE1z2jJyeZUkck,6anBvYWGwkkZPAaPF6BmzF6LUPfP2HFVhQUAWckKH9LZ,201320643,192664314,180314622,264402069,146652071,5678096695,Yes,Yes,Yes,Yes,No,5678096695
4guS5XP2wgDWecZGgvN5UQmV8iywTrKGaA7kv9hj3tk7,BgjQPDdsHeD9XXs7pYyHsmvKdkLR1A4SBNYs3mLmPUCD,0,0,0,0,0,1409245280,NA,NA,NA,NA,NA,1176066526
4k6wgP5WPBKQpsFGtzuXNrjcTE2fKWLj17nDvFeG5zSF,8zuMRTXThoPTTPLLvaiKiJshLLCqGMt9BdRjjCL19xBc,291646676,373943023,421571120,190563665,347676119,16197633516,Yes,Yes,Yes,Yes,No,16197633516
4mtXJ5pUcMMB4t8cLbi7zfDJCHfYLRrQb4qSLmh57sKL,94qeNkhspb7DjuqNPcGUgVcnnsNuibGYuqNTvm9FnX9m,1248555058,1327514472,942791809,966112115,1204764632,19312012150,Yes,Yes,Yes,Yes,No,19312012150
4mzLWNgBX67zVwTykNnq96Z6KQLc8UyV5Q35EfVCDifC,8inoRcYLtHdDL1qHWvGph7pkJKuJdrE2kNkFpjcYaYHf,74644022,47118121,36093036,28838913,46338264,2312445611,No,No,No,No,No,0
4uH4G6YiD5G8rU3mtPg73C2Uqamrqedy3FboTZcZrh6x,EJHf5N9is5spAF5Kz384tTvTV3CwTka6qzUoZrYm53SV,137208564,223787716,204085314,393836452,560199882,11830613847,Yes,Yes,Yes,Yes,No,11830613847
4vXCtYfPeracuQg3a67Zx4jvtJco6MU3LKip8ax6GkVq,EPrq1DvsWqX9CHBKgMU7gxvNvPbqRLhbqz2QzHcPFzab,9714191,0,0,7144121,28936467,1513402665,No,Yes,Yes,No,No,1069017107
4vdWYn2KbmQ3Dns5wVBfz4CFQDds4b7CpsC8MHBhHAib,DvFTFLrEQSfEadPQdesvf5bpYWYqXK9iaJAjq95piQBs,91891203,221957265,97241972,142441615,79699917,4096735474,Yes,Yes,Yes,Yes,No,4096735474
5HCTsoKM7vwjubSZSyVWChaHQ9sNNRB1d2SuvL3eZ6Y6,33JxTD3GkHU8zePNVNjJwEM9BFChWtzPdGFMwL4Ar6X7,24509340,37269677,27374999,37092508,34093827,254100137,Yes,Yes,Yes,Yes,No,254100137
5HYjArGt81naevDdwMaEx8yeGNw9jYBSDJa8YavT9Mp4,4ibf8qJirtoBGg7gSD7V7CeCKoFB96PBYQ3J5QjSmAob,460612560,559272722,295359159,303676061,385338517,14751902638,Yes,Yes,Yes,Yes,No,14751902638
5LNEDitSMhApT2uFnmtN7FmjCiGuatpnb2uU4f3shrk,ksQuu3JAStVXUeDCHeW6QtVRHNMcdtgPyepUd3Yshrk,28119330,110803663,19047761,25739080,0,1530626995,No,No,No,No,NA,766665604
5N8rWeZbNWLJDYTohNfpH4JAXiPhnicVYKrucW1shrk,MWogB4b5RamyKE4mur8a8iRy63gZqyDfDF7ebDdshrk,0,0,0,0,0,634561755,NA,NA,NA,NA,NA,520150342
5N9r2ne7dPgHtzeHC5ETJ3DAueKQiXSU8KAmEZrrojT7,H7fXvnLCKtZqJBTipxeseabGfAZUdHJ9XuP6hCKrbvUb,37086388,30503694,81338170,30211194,55093021,1305730441,Yes,Yes,Yes,Yes,No,1305730441
5XKJwdKB2Hs7pkEXzifAysjSk6q7Rt6k5KfHwmAMPtoQ,GMpKrAwQ9oa4sJqEYQezLr8Z2TUAU72tXD4iMyfoJjbh,104188821,139418394,160008079,111737603,139574511,7445424014,Yes,Yes,Yes,Yes,No,7445424014
5aD6KB8g4MPt3xJafmMmun86hHMDnoFiGbd5gYiMFZw7,QWmexgr4teHa2ZF85tyf2hvEwBvJ6ioAEr1h8DRjoie,183120268,210542651,267284252,266256454,194794775,11133444867,Yes,Yes,Yes,Yes,No,11133444867
5ghoFEVrsXeAPB6SUmBpZ2xq3KvHEjNMeSaBnxEBXkHV,J6KaKtLRj7eQGuVVL2CAz1AS9kDxsrmej9QbYkEtsiAD,39053222,139355136,74476386,95395643,125598004,1142193266,Yes,Yes,Yes,Yes,No,1142193266
5ivRNcK1yThcK3koZR1oikAfuNm6rj1LceMskayoVSzc,GiJj4MFyM4sCQ1aYQRQA9tqwtZFoaBdSxgNitWjHc2o9,231174788,133416164,242858197,223612122,295292877,3853823225,Yes,Yes,Yes,Yes,No,3853823225
5marvipGzf98hxnoJFXsZbGHSXcEQ3yRGJ4ps7D3V4ou,i6PZjkPHGYmPfPE8LsJuLn5huZyusXhmysiDiHGPjxb,246070421,224122492,179337409,243922943,310185189,6614060795,Yes,Yes,Yes,Yes,No,6614060795
5t4shVsKnUqgjmhK3fFNsvyju2E6Rd7cc4S5pmqqEVEW,sT34kbaqmHWbPwjhyeG1GnjoX82KpXawFsnzUkzJpYX,32297579,55317094,38393735,54658005,47971365,2568922885,Yes,Yes,Yes,Yes,No,2568922885
5ysfTZ42VT1TjnjzQShZSrix7wdVtjXwssocSeYKDs5d,ExYX8UKQTCf2VPtV9jbfqikeTV6tPfhzauJ896o91wtj,95722168,204431194,57155879,47182259,80221874,4985888153,Yes,Yes,Yes,Yes,No,4985888153
5zm9g3zgAPWzX3wmUB2JtTkcwCqe74NWsTmt5wLFwCKK,4udPrmxccbP1NwDJ6vChFKs5qcqyjmQff6gsKXD1mdaj,321719530,393308329,284578754,435848269,324917706,15121357423,Yes,Yes,Yes,Yes,No,15121357423
5zuNci3TV79w6zLoJZzbZujMvkVZb2FcSPhgv9aT24AK,76DafWkJ6pGK2hoD41HjrM4xTBhfKqrDYDazv13n5ir1,300808478,394721537,247362163,300010799,264500266,14966646679,Yes,Yes,Yes,Yes,No,14966646679
61QB1Evn9E3noQtpJm4auFYyHSXS5FPgqKtPgwJJfEQk,5iZ5PQPy5Z9XDnkfoWPi6nvUgtxWnRFwZ36WaftPuaVM,265526512,332932029,320573530,266703261,263104228,7916795255,Yes,Yes,Yes,Yes,No,7916795255
67joanjyAoVmb9nZLyX8p3Gx9tAxzXaUgHDe3kaUH4wf,9vNLTLdwAdHw8EdiZrLzDtUpm3hp7E2MGaNi6SmdfBGz,0,0,0,0,0,430914696,NA,NA,NA,NA,NA,430914696
6LCpzSkg3Ud1SpCnsYtmByWiiW6tcjSPNmJQmFGQcwaL,MENFRm8PpkP2QwFV3iubwiqG6GyJ4LZQ7f9k8DUE9Xy,0,0,0,0,0,64968027,NA,NA,NA,NA,NA,64968027
6M53yM6dsE6hiaHgxWvYa4fsfzQTGyAZn7rM6JrzbqJV,DierScgiTrz5AM7mddeJLHYNvafym3XhjjdM51AnKevU,435142111,656130828,414584379,475931129,449864308,12075314454,Yes,Yes,Yes,Yes,No,12075314454
6MiEjXqYksCtKnJpvAp3CAoEZnnWZyoSxu41HCzAYNdc,GAoCBDE9ABRYmhWUREDp4po4L8JgCPeQsPS77p1mx3WR,528777423,601645729,530012655,515597614,309774042,21205868045,Yes,Yes,Yes,Yes,No,21205868045
6NDen7aDi65apHo8m1Vea4nuS6LyjQeM6pDNqcW4Q5Pg,6cvBCfFXugkTqgSFVPvzhoWaLbhHWvZfSsZadWP5rryR,200635738,186017623,209850380,204700094,173843896,5247510278,Yes,Yes,Yes,Yes,No,5247510278
6PvHaibtZhuba14dzbhGFJRASYX3Ka2oviRzSbXV2wYC,HM5H6FAYWEMcm9PCXFbbiUFfFVLTN9UGy9AqmMQjdMRA,670723337,604714366,446385432,4980014,42176349,21786833444,Yes,Yes,Yes,Yes,No,21786833444
6Rk694kh1QTyQkirdb1uDZmS5xqG9bNaYtxx8d311Mr7,AnodeNCzJGQ7QwheFqJr6EknKGa72m6XHiLtDQiXcmEc,179513758,174584174,131487890,162376610,100818466,4429246099,Yes,Yes,Yes,Yes,No,4429246099
6WgdYhhGE53WrZ7ywJA15hBVkw7CRbQ8yDBBTwmBtAHN,6aow5rTURdbhbeMDrFrbP2GR5vZjMEhktEy87iH1VGPs,2828868855,2921076713,2367876324,2447397751,2314103602,68602242938,Yes,Yes,Yes,No,No,68602242938
6YDWxPaJWpZxJ6JLGaBeTJaGQn3gi3Pwtivii9cDyDHo,EdkhvJYa3kWQkFJAPzmGsQyi1D2JA5a7vwWw4hDuwbt,67451144,65819025,26615653,30201612,12497518,4021838832,Yes,Yes,Yes,Yes,No,4021838832
6c6RrC9TWNgiVXnbZ6hehNuhyh81pZK1yAj5w2nXZTwi,5eJQDSbgTZSEmH3zSWDEdAKgjavUUn9BkouCFNLz1x93,194814083,391790043,171712565,152760583,221738611,5962169418,Yes,Yes,Yes,Yes,No,5962169418
6dpdFgXyTGFTQkefKNTx6qgqwGEQa9GE1msghJTZoxQJ,HVAeVitGdEinQZdKBMKRwALYEqrAPjAPjFA2LuqBJ4oc,0,0,0,0,0,264370737,NA,NA,NA,NA,NA,61773418
6dtVKjb6vRwNAekki2FXhKv8WTNzQ3xW6HWMCNWqtoDy,eondcw2upjH14EuvBzmn6HfGEGo8t9hG9JbXtPj6cym,32458893,21541482,16333819,0,25818890,844321322,No,No,No,Yes,No,517004117
6gL3uHvuUjaPp9mTBf2VZ4tpKiYhbWyPrAPboGByzEHd,8mu3JHHF1Qkcrbqjo6KWxyWvTxarZjqptJTokR2jrDFo,60934606,256787040,97494994,70580579,89650708,2828535692,Yes,No,Yes,Yes,No,2828535692
6gnbmed7kzwQVQ7ghsjgEuCoYmGeWciV2qCwni6WS6HU,DTwEEF6VSrmTBYkDcj3BKAc52qhvP8CEQUEAMMT1cG3,315327092,244624719,163658738,96307131,196578322,2757035238,Yes,Yes,Yes,Yes,No,2757035238
6k1YkmTKwPRUhChnxA9ryJmbtuQMbro4xFTL6mL9jycB,91413b9eEvG6UofpSgwdUgH9Lz4QBF1G3J325Bw7JwGR,206712062,246394888,203829864,206619774,213092805,7325326212,Yes,Yes,Yes,Yes,No,7325326212
6mCzwUFcdTuz6fFJRA8nY1iXNRJqPpXU1PvCfANfVXhh,2juzdQw3k2udsuA2JfkXk4Aw4psZEAnnk4sBHzwC5ZX7,0,0,0,0,0,1711607171,NA,NA,NA,NA,NA,1317610782
6pVZhUW9AZMMFuNVMUds8useZHB7VFT4vvxuA3B9JgW4,4yk87cJbcWooz3FSScp8aEWVgNium4HR9UbnDUJpvXp2,0,0,0,0,0,2399657867,NA,NA,NA,NA,NA,1816015064
6qwYjs5vCSEKaTMBbHinnW8fvdGj1r8cpzPoAV1EHKsw,Azc2uttGtHsRLorfQzd7tsMNtfaEg7LyvVEMVtckPCNN,59680878,90262091,75930354,103518762,136767241,6940568600,Yes,Yes,Yes,Yes,No,6940568600
6tpuCGuvAZyUwQPFLKmiUfGUKSBjk3yVHJ314cfJV4ZF,8uYxWYaRz9a3WPvE2LEgEp6sSfTCTRnRx54yKxdRGgsL,0,0,0,0,0,52031691,NA,NA,NA,NA,NA,0
6xFDLX751L7H9d5fQT9sf2SM5RWWE9LDgqz25pPDbWoJ,5CBkJdDPMWCmss3Y48B36w78Bgxur4mDib6tQ9yMKe1B,122088390,267795560,103340973,169509588,192136162,7584002966,Yes,Yes,Yes,Yes,No,7584002966
6xUK9Nbonr4eoJNtHGoUEMmYKoPz5mipKzyDBv6deX4d,8vyuJTHSDkx7k1zymea4TMsgvixf3rCYBXHPDQajePkE,157077992,84732600,106193768,116679521,162812453,7140558625,Yes,Yes,Yes,Yes,No,7140558625
6yFGGAgYpBxgYPuHW4rv7hJmhKrUiXKyHkpVGaYtKrwE,9jYFwBfbjYmvasFbJyES9apLJDTkwtbgSDRWanHEvcRw,763506988,1184488549,852440895,0,0,25086462041,Yes,Yes,Yes,NA,NA,25086462041
73hojLdq1vZDSxeVQEqVFJ4iwLngdvEJPEpEHkSdv6BZ,Ehdn9LdjTAURQSMoDPERXLehtvzy7QD762wwPkzGT7RS,549498486,252569816,185929621,236539447,194758267,10805684138,Yes,Yes,Yes,Yes,No,10805684138
7CR6whiYULVf1Knj4J5PxUS37opdk8UAx2WnDzBQKiVe,2ve7kgjvaDZhMPq2nXhvGLno8sPJ8BAEdCvza384PyC8,8278702,29189635,6291176,37849255,58285552,0,No,No,No,No,No,0
7Hp1e6BrTBkbBN4wFiNmycPVPsjvyUUBL2tGhYEMT6gt,CwSZ17woioM2bqEbaswZJYvx5pemN6t3shBcU6zqPHyG,109838393,116541542,85421030,87051800,171877741,10282517939,Yes,Yes,Yes,Yes,No,10282517939
7MTjmteQHhthwwTZhUzsc2dP4NBvGNRqj8jzdqNxHFGE,ENVaKoD7ytn58xJ8s5htFfQ8hqQt1G9dcPUDqbSwVcgB,424852726,354835096,244814601,500538390,220948883,9162940236,Yes,Yes,Yes,Yes,No,9162940236
7Nn8qBJey7vXtVFMNBbbuN8UkujU8Y6nWzbHVGuf49yV,6SF5cmEXFFEmnFd5BwM4J6NkZhh3WfPkgmqdoAGjLLPX,201542694,307096023,671265906,327697450,264348205,4624913568,Yes,Yes,Yes,Yes,No,4624913568
7Nu9ckgtjobZ3MkbadGFKEvRymYuah9HmcxiUJKMM9NB,DPhzpiNGU9C6576uLsNSHmdi2AxwxpjMsRdh2iVC4TPh,136353696,234064106,127860393,143400468,216254961,4402530429,Yes,Yes,Yes,Yes,No,4402530429
7PpXQgDb9eCHN1Uudgi77Wm89cRz4T85YgDw83qvaJXd,B8Jud6Mqv1FSKpjBM2hPBqoPhGMAciX2UqR9WcepDF7F,201904186,133108980,89510544,127428538,76846599,6287740356,Yes,Yes,Yes,Yes,No,6287740356
7VZM7YHcX73TpGoXDeBu61g4QKC86GwAEnew8dA7Y2xn,HMk1qny4fvMnajErxjXG5kT89JKV4cx1PKa9zhQBF9ib,93952626,596480012,141087239,130043502,105361738,8747963650,Yes,Yes,Yes,Yes,No,8747963650
7ZjHeeYEesmBs4N6aDvCQimKdtJX2bs5boXpJmpG2bZJ,8sdFdnuKsY5KvpEU7gPi7qH1fP5DdYWfDhiF7NLjtaX8,0,0,0,0,0,484217338,NA,NA,NA,NA,NA,0
7cVfgArCheMR6Cs4t6vz5rfnqd56vZq4ndaBrY5xkxXy,FQwewNXahV7MiZcLpY6p1xhUs2acVGQ3U5Xxc7FzV571,0,0,0,0,0,15596918196,NA,NA,NA,NA,NA,0
7hMD4oMmGT4GsS4DfBKzJ75wSjDhgu2pvcazbvoKPrNs,C9pfCHG1zx5fTtmbsFwLG6yFoztyUVXoCmirUcCe2dt7,0,0,0,0,0,2334376868,NA,NA,NA,NA,NA,2035367128
7knvB4bbqHCKuNp3ef2hJWdwqoH6WAUi55NQt6LdRfkx,D4mLBafAJjpRABT5Tyj6UhuwJ8DLRk74JzyuTMUdU9Fz,84888760,128728419,117585706,137861395,109997574,2420017857,Yes,Yes,Yes,Yes,No,2420017857
7mF8NZJdREuM1uwYcvKffuY9QJBEoHhNp4hZ4NS2fuXW,H2tJNyMHnRF6ahCQLQ1sSycM4FGchymuzyYzUqKEuydk,0,0,0,0,277917460,0,NA,NA,NA,NA,No,0
7nzTzRZzezmugqE5ZjHRMxarhXunpwZ2PUdjV7uYzt7A,so1arJJbp9sis5XpovLyjTZPk8bDjfs37Meghi5wXbu,244686859,275531131,101316706,282890677,233366976,3985556912,Yes,Yes,Yes,Yes,No,3985556912
7tqeaFKsg2K9xKnQWe61w71AtCZVMQvG4hbFAiFAngYw,4CjWMmjGtRAZH6unY8EAzDYHWKUoPKqkZoFNrgxSGnyc,763070751,745324182,884954879,894092373,763764503,16449499083,Yes,Yes,Yes,Yes,No,16449499083
82vucuWCTTQEz6nYe3VetnL3pJYBrfDF2gDAjec9sPUy,DLKjd8DJc9NajCaHPeQL6BnhPi3a4BZm7zCdVF3MzDRZ,45001455,42479544,11102812,13918568,134909473,7883753328,Yes,Yes,Yes,Yes,No,7883753328
84gC25fbFKYueR9WEfreUysk1n3ZFxLFDDjbyqeqGpoW,FpTQXdt7NjYsJWXaE9UgG2yPUshoFiW3nzXbXKz1CjKh,1603511077,2430224169,1258817805,1637558641,1743576229,27065096849,Yes,Yes,Yes,Yes,No,27065096849
88K3vd8E7f2jXBwfNspzAYXKZuS7erF1w2wk3qcHTSfh,EbWmbjxUrq8uifB4gCJLaxv7joYmsXL4qVpX26xYMFBh,0,0,0,0,0,912097140,NA,NA,NA,NA,NA,763489837
8AkVj5aAtJ27tYXeq89cnSf68V43NarFHMx2iSDjZv7c,CV7uvPY1Hk5Avb2NvkGJoUzGnipZrEZK27j5rQJoUae9,185565059,462482469,240283362,156685862,192650878,8983296236,Yes,Yes,Yes,Yes,No,8983296236
8GLRbAstsabZuZUx73AoyfGi1FRCWSUhRgMugFyofEz7,7PmWxxiTneGteGxEYvzj5pGDVMQ4nuN9DfUypEXmaA8o,320290443,351015789,255407395,402395854,258126303,8100870995,Yes,Yes,Yes,Yes,No,8100870995
8Nvaxzif1NrdvxNkRetjT8xJvd33EHkKVrfL8EDkgaNy,2DNGsVZ9rg6RvT8bY4SGmGvyiVJ4xt9RL3NDd6uhfN46,633332358,375760323,283660835,288282299,0,12060933882,Yes,Yes,Yes,Yes,NA,12060933882
8Q7K2irCbYfEG5ZWyBceiytbL1u977gXqw7UaHZ55Awo,3zEbnWKibg574DaGC1EA3zLNwBK6MGQxEySUgQWKBaYV,0,0,0,0,0,62077760,NA,NA,NA,NA,NA,0
8RXYL85eGMyuUcBCMHt5owGvasySS4FYbmKTx4CqFkpe,AAfutJ61CwSB4Y1t5iBPVRRaq33nCDEot4WxbdQ6Bahn,0,0,0,0,0,1912052930,NA,NA,NA,NA,NA,1783809593
8Rf7hLczBzGb71rmEjw3h9tTcxGijDiDHL651H9SfSFa,8cuBK2vJeqfukvSJQ2vaGDEBSnBoVD16L74SuHdnKjs8,9030928,6399323,22820944,10891866,27268378,99239476,No,No,No,No,No,0
8S1VXBgZvCsjgnRAMvxknx5BKT7APb8rFhyRVeeTx1SS,DggvF7asrbjrqvcvPPRKovy3VVvjCgvc2GnWVusxq2MP,0,0,0,0,0,482996330,NA,NA,NA,NA,NA,482996330
8T8AJfUCXwPFwEMmjca8gCRSktPrqbUBVa6ggNyhLhFJ,DPsW8v7gkGUbPPRnraS5e163bDepd9tD537X9S231T2j,251452052,293701151,240407404,276259318,388378160,12731417855,Yes,Yes,Yes,Yes,No,12731417855
8Yq98CFAorqAc3CN7XtMVgKLrBc78wsBvjhAbFr4sNQ5,EGg6LTZDgV9CgpPZnpTTzmebSSyaH91cQ2eoiDxiJPvm,55115192,0,0,0,32183846,2004145695,Yes,NA,NA,NA,No,2004145695
8ZQg3K1V1Z2BVJkjmnxpi43WKhjPGXphzu5QmBkJibSP,7qTwituXJJ5dtUwBZXjMNgtAyXJbx3X8V4B9gXFRjK9d,314077964,443990870,294150010,391979310,377734144,9374742126,Yes,Yes,Yes,Yes,No,9374742126
8Zh5A5Hs6bJFAyWrLGMaF2VEUVbXFANtfuw7824Hd5XV,3P2Fq9v1NwtrVTnwPGj2qVdVwnSvuNovZJWGS7nRvoin,0,0,0,0,0,1810643706,NA,NA,NA,NA,NA,1810643706
8aPHvzVV91jZF948tykkoF6WfgLHppNfG8Z3V4gCrDix,7zKQnt19j7aZ1YjzBk6UUUdr5dGb65A36kW1TYAbB6b7,93179219,93818112,88603091,88974590,75357436,1483532391,Yes,Yes,Yes,Yes,No,1483532391
8augxYLUge2iWmitQMwbcBL5VQEpsM6aJdRofhwpnzyw,o27rnqfNHPwHsRp2xPXXwWzn2q2dGxn6UD4Rt5KMU5h,119473483,150504224,60832103,105446514,120411830,5754986421,Yes,Yes,Yes,Yes,No,5754986421
8cqck84coxk8TGXYBD95QosKCEA6fKwXLevcEv3oGmu8,D3wscqsBCJGFzzoB7dB7wQfJzSEFVzu8Rxugfnfk7rdm,0,0,0,265388483,317708497,0,NA,NA,NA,No,No,0
8hAYbagNt7CMBooFfqVJhBgLqLffpjXTWJMk8yybjJsN,74y2qkCaJ5L17hTsz3E8jftNxTBCTvdz4P2L6qTHDW59,339378075,383024715,331282356,318731223,196183436,14955963164,Yes,Yes,Yes,Yes,No,14955963164
8n4pc4sCJtBeLfJdGyJn6EcZuhtfTiepRa9ExdJFdmEN,FnAPJkzf19s87sm24Qhv6bHZMZvZ43gjNUBRgjwXpD4v,330577874,452814783,255815818,259785018,263677446,7786406619,Yes,Yes,Yes,Yes,No,7786406619
8n9KRHDRDuZErZwdwzhtsTFJxmHqgCQ4ddZcdk6GMzvQ,xSGajeS6niLPNiHGJBuy3nzQVUfyEAQV1yydrg74u4v,0,0,0,0,0,593721610,NA,NA,NA,NA,NA,593721610
8nbE53mcKhy74HLiGZ1q5HRocwiCvgh49csSaHSdtukr,HdQ1Ap8wm6Mz65FaP8jMNBVfCDv5T9NdS8UTSvHmcotn,0,0,0,0,0,151672355,NA,NA,NA,NA,NA,74963828
8rWDbEsuz4UWF2ZXiHhMECPkTZm51YrRaQSoSz8RPz2H,8ZfSRfAuDLV86PaKSCNfgx3AU1w6Hp8sGrEgFTkHViCt,0,0,0,0,0,107103211,NA,NA,NA,NA,NA,0
8uPW9msN75rfaKiwy8y8NxEX5zSk2WejtVv5YhZr3jCo,5daP6pZoPSak6UEKuRg2HHjvTPpqqwB113oNamGNKuuZ,225538395,232359811,234847986,215450726,131727583,7946818199,Yes,Yes,Yes,Yes,No,6760451144
8vk6QpG93JSaQCSgnycBsv5qmfQBk4qC9FjNA35E5JhU,2ZP7DPXW6gwMRSY9PSXQ75fZLrk4gKWKnT85pK5sVPa5,199388874,1049987759,395158443,481296218,1072213365,16987873663,Yes,Yes,Yes,No,No,16987873663
8yjHdsCgx3bp2zEwGiWSMgwpFaCSzfYAHT1vk7KJBqhN,DPmsofVJ1UMRZADgwYAHotJnazMwohHzRHSoomL6Qcao,343789863,295216528,243318108,380007983,252392949,8373865080,No,No,No,No,No,8373865080
91oPXTs2oq8VvJpQ5TnvXakFGnnJSpEB6HFWDtSctwMt,Ac1beBKixfNdrTAac7GRaTsJTxLyvgGvJjvy4qQfvyfc,330163424,273095848,187496973,226464398,243635294,11027408203,Yes,Yes,Yes,Yes,No,11027408203
93fX4gLgnUkcf3vmGBzuNKEt4em2tHxgmVcbq9vNq4jE,BJipnsRJCxgcMoYc7Env7ee2YASTtwLuyvD23AsJ3E6U,0,0,0,0,0,4432523,NA,NA,NA,NA,NA,0
95A3UmKrAmTuNJkjipBULk5wHopiFvLWfxTKmhR6AzQc,Eyy5wPPQQcuaEBQUfDmyHkRfeqfmd4n1xWZKy1CpGQZJ,0,0,0,0,0,33074378,NA,NA,NA,NA,NA,0
97jbhVBYcSmwGXjrx5PPWXucDsVBqwyoQ6rzP3B6eeMt,57GUg9QH2LFMV11oaduuoqVJ5qHDEp7EGJ2xgkGiqAum,283934610,303909384,154948588,0,330445555,6608174782,Yes,Yes,Yes,NA,No,6608174782
9FXD1NXrK6xFU8i4gLAgjj2iMEWTqJhSuQN8tQuDfm2e,2g2QU1NDRax6i2mKzRwgRfdBFoDkMC6bj7Zp5Q3i8sCq,187472261,319335056,136014113,197995506,203717041,9499520388,Yes,Yes,Yes,Yes,No,9499520388
9JdZLEKhA7k6SxRQ4cJT2Zh5JhRUBJGXcjTNwMtTwSiz,7r1g7s6UjYuosRCHwedpGRCbJhZqM2LhUPxgoayRE6Rm,0,0,0,0,0,1156074989,NA,NA,NA,NA,NA,1071237915
9QA1fzbAKJicmRoFa9wFnYYx2PGYn97s8Nh6VojBMvCi,EsELtZoep4TYcugKyMnB4ZWZYxn99V5Vb1TwexDzFey,0,0,0,0,0,0,NA,NA,NA,NA,NA,0
9T6SNsBimjCRJpkEjiVsc8AcxTBa1XVA7RjnBGGfWP23,5cYwwC8dmQ2tvtjDueHrU2B6NvmTHmoimsNGeGXVbkP8,350308795,383845301,296820247,345595527,389540444,9077780584,Yes,Yes,Yes,Yes,No,9077780584
9USijQaAfSzw6gWbHNq68VVigmj3HvffDJYhbK4tfquB,773eL4qyoHUi6s3pWWEWTnaYXELNs4nY5deMevpSF5YE,19279751,29834126,98136304,118647977,89366821,571719547,Yes,Yes,Yes,Yes,No,571719547
9Wmaz9VPpEnH67ZqrvYd9bcH66DtsGaEKcSQE1ac5wkf,3Z1N2Fkfha4ThNiRwN8RnU6U8dkFJ92DH2TFyLWJf8cj,195857210,397747328,225710282,322168692,242894006,7641433805,Yes,Yes,Yes,Yes,No,7641433805
9dH6wfdJVgnDcbCUjT8rkmejAzTnGQaFarmLfvBYXANK,GakAanHMN4dYY8rMKL1e6uUKjNJj2nN2sENFaxzdMEBm,40177569,49409043,80445460,132606039,126726112,5093787511,No,No,No,No,No,2995870856
9gFxqsXbFyrKXUkqpAatonn47uYZ7sEZSnMxhzQoXrUJ,48oxpSHQkM4sdXUY9NQ8KnEtebzZbyk8uUT7JRdVQNuf,514518975,590116467,306498520,317468735,343397097,12317974837,Yes,Yes,Yes,Yes,No,12317974837
9maF99FLLAMh5v5JKG1ZyRZVBVsT5VkZnAJzDvduCpJa,HvuXZAhAqSekCFueQ92DqxhuFvdBRrWeyA6uea6ZaS8q,107817194,191095827,93218915,173702465,120671209,5552212249,Yes,Yes,Yes,Yes,No,5552212249
9pBHfuE19q7PRbupJf8CZAMwv6RHjasdyMN9U9du7Nx2,FCvNkHa4U3yh7AXWGGL2jWLWiSRouR8EtzY5WVTHKTHa,140108461,207464334,103226675,162430673,208080281,4532826879,Yes,Yes,Yes,Yes,No,4532826879
9q16BB7WGmBxf1nJTdxH5zPnBUhtHqdqXqRFjSjuM4k7,GK9MfwWEK7BvMS8eQDaiEPnKcqMJoS7SKUiEBQY2pfxC,74428973,71291423,796122069,152015409,118492949,2220882399,Yes,Yes,Yes,Yes,No,2220882399
9r2CsyjRTmTRtu8GFk5oJRSQr5YfSENxDkf3eox8iPLa,2iWXwF2Q5W6o7yntV2mkbxncB4rYHnX61y3NU8a8EFMJ,368734052,595796918,417596644,482762282,582320893,21953035293,Yes,Yes,Yes,Yes,No,21953035293
A23LfQn6khffj2hGhGfXr6P52W2pxrVcCaHVQLYQgiX2,53RJBy7aBGA7Aag6AryxEmBbsHDgwfBWagLrPbGHnfvR,285745006,192720123,240143034,254498406,303677384,1692907966,No,No,No,No,No,0
A79u1awz7CqnxmNYEVtzWwSzup3eKPNW6w2Jrd56oZ3y,6UDU4Z9TTbYy8gcRKBd7RX3Lm2qMsSR4PMuzoyYPzLma,263028642,95665333,111468231,176289616,88597920,3713574647,Yes,Yes,Yes,Yes,No,3713574647
AB821LfpFBwedJEfoNFZRsiPvcSxXPBNMgjyGC7RuNfS,HSjWikZVP8JmNUa1VqZuQuhQzkK4WrBmiJn1VVEtvuZQ,0,0,0,0,0,2042337439,NA,NA,NA,NA,NA,1748680214
ABREU5YkQcfpDZymoQ97iGUgQcfgjctWUUxEMfumiPdV,ABREUtpzkkMiPHrBebpsYDU3mubtSohjDKZbyRoTJLae,76660053,44058349,33030121,70943699,65785078,1597160068,Yes,Yes,Yes,Yes,No,1597160068
ACTGYsH7bHbaSP7z9N86oLPHBThAELbGfTboc1VoFeZz,DMPhNJFSvi34NmfcqR4B5rdKgDYY3kZbXpdXJBL4cJ1q,25994888,85842734,25515028,27290936,9986141,1996248965,Yes,Yes,Yes,Yes,No,1996248965
ACvL73V4GNnxPVfZ7K89jCrYurLyzpEuE9qirjvh2Xmi,HCvnhbT3Sn5RsueDisWzzn5FkW8tAqoQK1dr7cvAVzin,737566688,823738886,783339405,908762783,707376783,7007331549,No,No,No,No,No,0
ADjyeNzWd8yhEjCVyAqT87eqoyGRbimERQsNhFQcXjop,26RGqX3mezgYDxJnGh94gnMM4L2k9grH1eWcTSCHnaxR,276756560,343216783,220140790,204742789,155716150,7638985616,Yes,Yes,Yes,Yes,No,7638985616
ALp2GdA1eJV8vZHMHazCtTxNXe3BLUSco9LDASgjDs8R,4tuMshQNpAFpy1YtEHnSsE5EPN1mAT8FevWvn2UPJHNM,311626835,290586702,436919076,235239466,253761249,7338077077,Yes,Yes,Yes,Yes,No,7338077077
ASTERhckBQwAM82EQm2S2ivVcQ9mHQHZQs5u4BHMv6JH,AsteRZiiAA8uDXGszREgCMgKTddmAb59XGGHsELfNDVi,0,0,0,0,0,30608193,NA,NA,NA,NA,NA,0
AWcCdYG7Dy6GX45c6QMPbgGwgRZPKcBDT4bXGb3QrVRV,G2W5QfMSBYXT5NNWEG8jSN9ZMqvVoaon3DMHMQ3BV7Bj,2745416892,4193570706,2493024140,2629028628,2819894197,55235952526,Yes,Yes,Yes,Yes,No,55235952526
AWqkGtq9rgpMDc7pTKe62aJuaX8ZvrnZxCpr8nfpDSCK,4VvZyjDj3KNYNbjzgaG5GxX4xeLhcFV6fA6BDPf6dLy4,0,0,0,0,0,1539819128,NA,NA,NA,NA,NA,1212068461
AdSHK6vpQnwHRSw7jXUwjMEytmhFwnynZSENhvpAxL1y,9NZ18GkTnXZug6eXAzpBsmyCsYfAJ7mL9bgUfSJDSAKr,36107276,64582083,44223881,77570896,78119639,2613143341,Yes,Yes,Yes,Yes,No,2613143341
AfZTWYoFQbzqCMmUBTD7XwxFvjob1FVyCvkaXRryxtKc,86Sw9R6ynPmXnHfwUWinXtq1QoF2KHesfQQyZG5r8sXo,145641035,165833155,115950492,107806758,187259068,7377015984,Yes,Yes,Yes,Yes,No,7377015984
Aho3hF8mqLmadyJdUFpoGidyo3fYAt3ALm2QpAo8wMX,9FNVvTw3kPyb3239RKakAXUfkmZzi5TDnH4hdwksRBig,0,0,0,0,0,1897590186,NA,NA,NA,NA,NA,1144428353
AhyLPwqeE8zg7fyFjuufH8k7Kq4kNS2eARRq5EKNGRcT,Hm2uPQbdNCRjiwSJnA9edrMVC2PBUPa6qBWfC12RHx1B,0,0,0,0,0,2494439193,NA,NA,NA,NA,NA,1757284501
AiBEt9kE8yZ4CnaLfTCGMp7Fg2wCtqhPTfvJ8D3zrLfu,H9p8zGs56CnL4b7RrbwQ6htc6V4K8PUtKvqH2m7hYAtL,128912997,150664106,112882492,202663868,139155873,3377062161,No,No,No,No,No,0
AjGby82yXeYgj3kmng9y3c4nQpZFmiPpJKecLJTHbfbP,6D9w8FRw5EFr5qtZEphPpughN3W8zc8p6zMXg4PFuaXL,103061766,93696327,112903427,155214820,115905553,2705008150,Yes,Yes,Yes,Yes,No,2705008150
AmjX7CerZbHrU814UeBp2gJC7gANNG3KrP4c3RyD7TSD,FzUNgBRnVxawDytN9GM7BFwxFfekuMs7BcAGybn4AmMk,228261291,327602507,148649961,177366344,273290950,3785713817,Yes,Yes,Yes,Yes,No,3785713817
ArMBx6veRq33ffEP9sxHafiPRgrtzww4XvbwZbSMfXiM,GW8GgoeBpLM4TpeR2ePVcYYSoySBaKJgt2JiwoyjXRz3,348264982,343199363,244787298,224054809,212349715,9061134361,Yes,Yes,Yes,Yes,No,9061134361
AsMpvJ3DZ2Ydu1WTRMAyMH4QjSLiUG39rKzfzvtE1bWr,B1w6SZcyvjyp6zEyStcc8u9AxXAh2AbYvNzMmP9rRKE9,197408497,238936763,211204700,194199372,183683369,8598389118,Yes,Yes,Yes,Yes,No,8598389118
Av8EnYrPBnSJHK5e2wmTdnCpSy7nzmBgyFaUKSyLnBfe,3QPGLackJy5LKctYYoPGmA4P8ncyE197jdxr1zP2ho8K,302468959,350346560,357713184,300916330,286607562,8718049417,Yes,Yes,Yes,Yes,No,8718049417
AvNsK6uxBBwejyPe7tZqgX4onaCnXTqKQvKRaTe9Ekya,7rUTjy6KaEpZYCUx2xFP1W3s57kT4qGt6fN19osyLL31,0,0,0,0,48745569,0,NA,NA,NA,NA,No,0
Awes4Tr6TX8JDzEhCZY2QVNimT6iD1zWHzf1vNyGvpLM,DumiCKHVqoCQKD8roLApzR5Fit8qGV5fVQsJV9sTZk4a,9852785121,10912764483,8851190147,9299662071,9724614341,329408526884,Yes,Yes,Yes,Yes,No,329408526884
BANXwrLTkNHL6vTpKhXn86ySjnbwwGyWf9ExGgwZoiSD,BANXFioM7tuFqDyKp5zkZzfQJxBCRkhZeQj7sWNPYfRZ,0,0,0,0,0,121139750,NA,NA,NA,NA,NA,0
BCS95L5JHBWHvWkcEJBEF3BH5QHxKcPeaTgoYmHLvfFh,Hx4UJCvf8amGeuW9fPFfTckRoznDHxPSYiU9HuUSZKLT,165670648,198455758,136801302,111271410,226969825,6828204022,Yes,Yes,Yes,Yes,No,6828204022
BCjGyexo1i7qpN9CbJ9Zt8avWr4Lb2JRtcm43sJvsgQK,7rwEPPMQgHr3mn5nQX27SADt3tR8yucBgsNapYdrqRhB,0,0,0,0,0,1422102058,NA,NA,NA,NA,NA,553410121
BFMufPp4wW276nFzB7FVHgtY8FTahzn53kxxJaNpPGu6,7K8DVxtNJGnMtUY1CQJT5jcs8sFGSZTDiG7kowvFpECh,138729337,118732661,116146760,137959249,176238324,6377737498,Yes,Yes,Yes,Yes,No,6377737498
BM2vE2QqkB9fGtC34WPtM8drbgta13SBkhRq6dRG9J4J,8r4Fu6M8brgnL456RJfwxk8kN4iw1LgczfuXeuG1g4px,36218273,56597569,44467064,47570721,58648764,13542484015,Yes,Yes,Yes,Yes,No,13542484015
BNtHBLo1L2vAG7PBQ6mJvWz7GqVPxBnioXsY2Gjtubrg,ErvMUdtMC7AX55zKdYSyy4DnWNCrTsWn5GwprSG7ocnx,347393053,358206411,284127014,371251455,271467493,11698957196,Yes,Yes,Yes,Yes,No,11698957196
BPKAfGkkzF5u1QRjjB1nWYYbPMUCMPJe1xZPmwEMNMCT,9Gko8QZBbV5SrEvHKtQHcMrGGSfgFP3KJUozEGifu25x,338727772,182003285,175095874,112875807,158868015,11843761801,Yes,Yes,Yes,Yes,No,11843761801
BR1aTt4ZZUCwWJDkSYf1hqkYJjo7Mb7Ar8iVTkeSwUB8,AbacusTT3yhEFEKkQKjGStDhKDnvSFGpg9EqBwz8FnDF,152032166,338063943,205233581,282821706,415208630,8748775150,Yes,Yes,Yes,Yes,No,8748775150
BSGMRbK97DcgLe4u4kfNQnmTVZGVnwdtKQBJqWRBTZxU,BSGMtRHy9qvsPbUKtT8yqd7nNqn2urTcSMVUgzj9zJVd,145444031,260674996,165044215,103419308,237894045,1401995625,Yes,Yes,Yes,Yes,No,1401995625
BSMe78Jk1BfeJDdHQj1aXVjrT2aMAYidyNAGQsTshrk,T6bpj6H6fr9GyKe73DcNjPbGeSk8twDsiNcU4srshrk,52639205,68809546,58288912,34679534,79110811,1771788969,No,No,No,No,No,653935545
BSNJGveGPVYzdt2bhTh3YfqbzWPH5Sq38zT1Br88Pn1N,FKU3YWq3AUuN2mJVR2pJgbsVQHdGeaK1Yj1iMBhJugd1,0,0,0,0,0,1960949280,NA,NA,NA,NA,NA,1960949280
BULKzVM41WAyQZfL34vxqdsYwEYH9mJAJyzRS4xraf8b,BULKEEKf9Hjy4nwCthjzheEk4joH23LLXttAHjqEZmB2,460506449,569590747,0,0,0,8899236344,No,No,NA,NA,NA,0
BUv44cVtsdvU9z2BfFGk6s5JZZWrmVnq5qCaii5ARyyB,6jzDwKeR21EFHwaRgZMefMxJ9D2vnQRqfYxkpUuJppPh,0,0,0,0,0,26552897263,NA,NA,NA,NA,NA,20346706653
BXoNGzhaW2R71avxDbMofBTnqH9FMsQmXVAXR1Xshrk,1iD1fPWCyr7VmEwZ9ShtmiK98D4KTSSwXwbA3CDshrk,0,0,0,0,0,687609899,NA,NA,NA,NA,NA,454879484
BeRtYZnaaZLFwYQRPaZcxuuHBmyFBSGP32C8Ls5xnrZP,BeRtYZ7SVQozwTby6ajQzrHtKYkn4qoKyRfb3NDAedtA,21764470,64645730,52182882,70546718,77016286,1919299739,Yes,Yes,Yes,No,No,1919299739
BeaCHioStqCEFDFxKwAEzyrUPYxqnBPhJ98gDKeEiTPb,BeachiopjxQxL7CaHNSZsynApiZCKx9QFVtcWNz3jDBo,836049984,1132531975,793194691,823678791,935338227,28136228776,Yes,Yes,Yes,Yes,No,28136228776
Bi9kKNxfW2XqgCmLcuhHt6A3x55GuAGmrVZxRHLyVoQ4,ADoJoWDcMS7HVW8cMu5GRvy3FBm3RG5bEWQi74YRnwKt,0,0,0,0,732885917,0,NA,NA,NA,NA,No,0
BiGcsiuFCLuiTzXoQgfLdge9sfpwr55YzdT8Kp7bCXmS,G8hvpQDLe7hGgYtWYt4TJJEbGbgLFCBJYiMi9pMD9Kk2,0,0,0,0,373701864,0,NA,NA,NA,NA,No,0
BiU1DNow77wGwSXW1bLmkcQe2cuySpkbz7xtbitD9Fmk,BiUSTKzDM57pkf52SqxqckEk4ap7d25y2GB4GLXxdgj7,109890939,470277190,123057633,128141229,104360964,6512132640,Yes,Yes,Yes,Yes,No,6512132640
BoNKmNCGvoHS4CkKvYRnF21iEpUP827pZjhFGdA4t5as,BoNKvwirX136zCjcnayEM4W82vn13RKkjm1Sy3UPBdim,350668917,585605333,417585684,447741631,524803555,14826496944,Yes,Yes,Yes,Yes,No,14826496944
Bs19Z9SokV1s46jutN9tqqaCgYf1GsVyyytVfkzwn9qK,5frYQSynysBe1akCVK9tNBJ5j8jgBgUsjAXAgqHxvykJ,409280531,379605469,375400793,568718835,405324693,8889089269,Yes,Yes,Yes,Yes,No,8889089269
BuoZ7q6faiJNTN24r7Kcj8dp96axs5XPEKXmWGsh2pDE,GFWtwTkSkgc9RcAUkUxs7LyZ124DsBtcSnWGWwbrA113,170086297,115110480,192929713,250068798,184691778,3556189119,Yes,Yes,Yes,Yes,No,3556189119
By8MseMKtZQQaQjMHJiyetmc5AC8RZZv8C2ss33ktrHt,H1kyn75BFTXr8QRmToRRvuEEmYan5n6M5APyfhMLau3b,216928407,182302490,141715294,236227574,193889104,8071034447,Yes,Yes,Yes,Yes,No,8071034447
ByszyWdqC3rVMWy8f6jwK5cmwkpwYdwsr7UL58xS5vnm,DG6fVEB2Qy1jntvHVPui3R12CMqcwNNnjYPYdsbQ9ACP,0,0,0,0,181640590,12086596439,NA,NA,NA,NA,No,12086596439
C1ocKDYMCm2ooWptMMnpd5VEB2Nx4UMJgRuYofysyzcA,AS3nKBQfKs8fJ8ncyHrdvo4FDT6S8HMRhD75JjCcyr1t,3874202590,2392786889,1784204464,1934586920,1955084659,82253463332,Yes,Yes,Yes,Yes,No,82253463332
C4bgengueVA9cRcprjutgu9XgvgoaaFnCqvpZaPy27xx,7DCb5VuNx9XFqsaEgERyb5mwwRunDNtLRudCEoqhcz6N,23216756,70317879,66773877,39654488,107511617,1900126596,No,No,No,No,No,0
CARBN9PY1Qej1aCg4885pfoYH8EHfjWuMy59pVa48ky,CarbnAxSfvsBdp6otKtoUa8XmUaX9PcsGq6R2WqZMuw2,172848618,21433966,8375671,67203102,56598771,1318642423,Yes,No,Yes,No,No,1318642423
CBUGET5PnvLc3HvEeFYj64iTvdKhYV6pujTPDdDh785K,GuxBSrv5jnSwwPepkqnmkM7YCBSakKanbnw4BKMdda4j,72196580,85298640,48388054,40547527,75739027,3301724765,Yes,Yes,Yes,Yes,No,3301724765
CG4tRANBKrzUmpv93V5sgftjQznBdiJsc2yPCzZWWuS9,8hPk5CbKDoM7dN9LssTdVkFhDykeq7A8CZurA5AQSFJH,2755589503,3457360245,2309385665,2611102513,2846492323,58776187594,Yes,Yes,Yes,Yes,No,58776187594
CLsFr1KZVbAyz16iFpwg2e4hiekR1unpwyxfNdjBMaoE,9bb63m29Xy1KiWqijLs3f8adTE4KcSmVkt1qPxGkbkna,230564042,350755500,193180005,234032129,246159073,12383309741,Yes,Yes,Yes,Yes,No,12383309741
CMPSSdrTnRQBiBGTyFpdCc3VMNuLWYWaSkE8Zh5z6gbd,EARNynHRWg6GfyJCmrrizcZxARB3HVzcaasvNa8kBS72,1971102637,3177005311,1569374378,1817546798,1778196039,63485506918,Yes,No,Yes,Yes,No,63485506918
CNRyYnXZjryxNdSUwztdmVFVuQPXvugQ1d2wtRTjjTb3,CCknLtNpJWNzq2cBrwqYxXR9oguZmaXtoMQQQDCec2xY,0,0,0,0,0,1539008583,NA,NA,NA,NA,NA,1539008583
CTDGxTK789ZvhgyHZHtSnxTtysbyY1mrywXEJiYYqXxC,CTDGxxJBrZVqUUHdHopLn4k4gtc2PCpcM9TB7ZEC4Hu2,438761039,467785355,370633237,316917552,358418326,7591110745,Yes,No,No,No,No,7591110745
CTwsruptUccEtZGNxBDbuusHYxkBX3P6ndrxVjSG213y,Fhks5gukimP6vxKYbRY4V1aw888EgHhpdDSscD9V6bub,175839728,223786213,177639908,183315388,185916174,7927377435,Yes,Yes,Yes,Yes,No,7927377435
CVgwMrWo9chKEuEPCe6Za9KJe8jamnAcoeWzaMeNubr6,F1wBgGku883aGGCQYMQFR4PmdJ7faej3qKSk8xGCycP7,89813090,57071791,152403428,83689859,53866216,3622746038,Yes,Yes,Yes,Yes,No,3622746038
CZanBzZHFzrGY5qKzaX3CNhJ5smHEMTWFFnoeUi4J6dr,GzjMbJQDVuBLFY69QwhhjDGDy2o5Q6nswXMuVTCWEFnp,118946508,98596721,72214657,60634878,23879636,4028805351,Yes,Yes,Yes,Yes,No,4028805351
CaveyttUBTKttncu1e4RF814XjuoGfYv8cEsiKGDNCPX,CooLbbZy5Xmdt7DiHPQ3ss2uRXawnTXXVgpMS8E8jDzr,1257450107,1680459283,1434031941,2961195943,1599636606,24410202549,Yes,Yes,Yes,Yes,No,24410202549
Ccw4n1JNzcjdEUTYorfZPATWHfmBKV7BHnJ8YDyzqh5s,F2aGhv2o1j6zzBPrfdiXuSSek17nPwXqHqwKMdW8Rfxc,0,0,0,0,0,2171737536,NA,NA,NA,NA,NA,1611263053
CeC95ByA5rd3cFELBgK5nx2hB8o7FynrB2ciNNwHYEib,ChSX4mV1H7AjC3Bzc4cozkurEj83XNpnghent654hRgV,0,0,0,0,0,378804013,NA,NA,NA,NA,NA,0
Certusm1sa411sMpV9FPqU5dXAYhmmhygvxJ23S6hJ24,CertusDeBmqN8ZawdkxK5kFGMwBXdudvWHYwtNgNhvLu,0,1025641749,534924462,605217879,693330699,40757106369,NA,Yes,Yes,Yes,No,40757106369
ChB6C6dmNujAi79XtQLPKLL5SWdNLMShA7KKnrMMFF52,kWEiSEQZMeLAbMUiz1njRTZEjuSpJDCgVynB6pJHpcr,26570255,12493142,0,9317252,8469877,5411033925,Yes,Yes,Yes,Yes,No,5411033925
CiR8HNCfkjtcongPmP2DRdZPnFgjSbN5gsXdjmsXXHcB,7JZTyHRTmzHfmHH89uT9xKSKDVJ1VnNQ1FeTeM4iH3J2,284388879,372597857,237419642,285061178,265439858,7432490866,Yes,Yes,Yes,Yes,No,7432490866
CmHAicGXp6boDhgp7Kb1JbPcvf7GstyK2yMyMxZY2pKU,BKccvpa2f5McCLjE91pSGzEY6Ac5sWm1jmHy5QmZ1vTm,0,0,0,0,0,6065951259,NA,NA,NA,NA,NA,5563911817
Corvus6N2hShKaCZYd624cQLfFajNjWxAfLBAQKGGHEw,CorvusWGbUUp2BPxdT5AgN3zDCsKRaGjKYwJNGzLsMqV,0,0,0,0,0,138454988,NA,NA,NA,NA,NA,0
CpNnGGhgVATJAbzHUXdrcGfpPiGuZyPka4QUmH7YgavX,4qvFxnUXYjBdcviCwVV7gKcGJMCENEBfS82hSLJUhyvu,214321799,192159178,102530955,140702444,106637847,4381602017,Yes,Yes,Yes,Yes,No,4381602017
CpuDNi3iVoHXbaT8gHpzKe6rqeBasoYjEKi21q7NRVJS,2QE9X9X4tdDUTYic1DgBBJjU7cWUNPbKYGerCb9KqDQN,0,0,0,0,0,3030871102,NA,NA,NA,NA,NA,3030871102
Crg1X8FftV44NmwfFvgREjanBQmyyS7NEu6duLU7Cyy6,323d4ZiSqS1PwGwpJwD88jNPaGqkm7YYW2tJt2T8iFzo,237837763,376440196,250701305,288995527,178611256,8016359207,Yes,Yes,Yes,No,No,8016359207
CtvdyHYt8cMuGVHFarV2RADfoCdnrbd8e9jAsB225uMW,FLCrbfbwEhFARa8nK9rnZw8BVtKNAuHujh9EhWy5A4U4,202437886,83850125,356078596,189272802,161773091,5370689530,Yes,No,No,No,No,5370689530
CtzN7ysR5rX69qd168Aosbuc83mPozhi81bEHbG7ecNP,CtzNnqzSLwNtkzi2yEWvq4w3GYQ5gSpCagqFZ5TbdSKb,113851635,117576541,103985628,110666018,88824498,4027734159,Yes,Yes,No,No,No,4027734159
Cu9Ls6dsTL6cxFHZdStHwVSh1uy2ynXz8qPJMS5FRq86,5iJDEVRi1nMLwKAWhYbEokZnvBAe15rgFaHGkggVEP9z,402630026,712099219,554851278,473323014,519913078,19785013048,Yes,Yes,Yes,Yes,No,19785013048
D2RV1q6FgePVVjrMa7AMzVbvvAeg5oS7TAV7qdNKSDsX,CCxSNvJogH6LWyoiEbG7JfcWybw2FqqCExs5GuemChGr,388967816,347595265,308881492,318980700,343932828,13750776641,Yes,Yes,Yes,Yes,No,13750776641
D3htsc6iRQJLqCNWcC2xcZgUuvcd1JT8zoYNqraNcTQz,3xjfK9C9YNcta8MvK1US4sQ3bc6DEjoJoR3qLExGf9xE,362532853,390957162,280844200,333928325,233826716,12038377958,No,No,Yes,No,No,11530249253
D4ujBcx3Wwc6rHhx1DFdTZL7vfDJDE6Y2BvRfE8HovBF,7y4wStv8XxUkuBgwNkidfxdy1V6TMYr4UjaTDwcS3MUr,0,0,0,0,0,545444303,NA,NA,NA,NA,NA,545444303
D6uUDTEgXDf1yzLuQfFFCEKF9a2Ri5trFAWwaUpKB2ji,HXnHzBUQVZAmovjMb7vbm8G53XS3W4KVrzpF6jiozrJ3,0,0,0,0,0,1283369239,NA,NA,NA,NA,NA,1036414686
D8kuk3qEiVBGwYkuMGKfBDwuRi6jjRkzjAZg45fdaRLx,7X7oVv6K6wawMNzVriczSAEk18GzqyrYrvqyJbwLAY3s,377672865,334424718,535617516,266805552,415375585,11487529711,Yes,Yes,Yes,Yes,No,11487529711
D8xKNftHzFcCekENuTEcFC1eoL9y8wNHEg4Q5z57KK4e,4269foF8CYyT8SynFSYHiKFzHva5YL6PoAQj9pH3mQmh,145041698,205568930,86056158,110447483,87334642,6670878551,Yes,Yes,Yes,Yes,No,6670878551
DB7DNWMVQASMFxcjkwdr4w4eg3NmfjWTk2rqFMMbrPLA,oRAnGeU5h8h2UkvbfnE5cjXnnAa4rBoaxmS4kbFymSe,1516616916,1358807575,905313602,1021968358,2172100035,7333913332,Yes,Yes,Yes,Yes,No,7333913332
DCKyEmMENQMtLXgbmUoHRmgP9XdJ9HsR5WxrKnSDCzKA,DCKYVqFDwUs5m2DhW9muK2EX86pootvWD8wXA4nSqDxU,73912691,61591662,141925625,75627915,97243787,5861688572,Yes,Yes,No,Yes,No,5861688572
DCdTPyDbXNHrmdv4ZyPPzEfY4mPAqH4hDPtowAteoNgv,DSzLJLUQD55sxaCsJBHLFSV1SYngMmT7oY8rLpFhyGgb,201355265,321214200,178958161,192762406,220778161,7721369899,Yes,Yes,Yes,Yes,No,7721369899
DDgVWafunwNr1YeJD89SWqotXuwjzyvZRmpapZPshrk,MkyLHecSHN7TBdWgnh2J8KCsEHnsqqbVYSxtGmsshrk,0,0,0,0,0,54474711,NA,NA,NA,NA,NA,0
DEU4agzdUCA5oZ1QSLxCyZb1smvdu5j1NXXsK2r823Uu,Gmmjsfpr1cj66zqwaYzEiSPsA1Y438MKXVNPnGZ2zB9Q,0,0,0,0,0,23523181,NA,NA,NA,NA,NA,0
DEgenZMznWXvg5YHaZM75arVTauV453SeXX1UrxcGNup,DEgenL35vQWg3pE8rvY2vJ2SrmpMsXMecu4PmvJcCCJv,30700467,56670308,41344983,41405099,37007383,3475005861,Yes,Yes,Yes,Yes,No,3360868943
DKSy9mQn63487j7oXHxqmykLEYUA3akTHm1QNPgDLGN8,9Q1cWVFNc4UgU7dyFy29mUyeDnNZWSDaJKYVAR5jLpaK,75135350,46047386,44038362,26820371,30270559,3505489604,Yes,Yes,Yes,Yes,No,3505489604
DTELykegBxxEn9c15GbH1zbYFr9CFd8VHQnhTGfz5JLb,DTELA4aHtJB8zcMJvKgcUjAYfkGcKdRUN77cpFoMVgxz,49440791,71475490,48432445,32611565,52172198,1943003219,Yes,Yes,Yes,Yes,No,1943003219
DTSUkYHd2e9P2HLyZfbLarsbDdPhQUhZnWjRYuJZQRC8,Haz7b47sZBpxh9SwggGndN3fAyNQ1S949BPdxWXS3ab6,2813423565,0,0,0,3586287730,82738104814,Yes,NA,NA,NA,No,82738104814
DWGupvBwXjUudG1fPqtcuw4qe6ByDzzLhnbr5z7RGWsL,7yGMaEA2HBLKJzLwXEMGg2fJBffZwMhVT4oQgqhJUP5N,0,0,0,0,0,910250049,NA,NA,NA,NA,NA,854661754
DWvDTSh3qfn88UoQTEKRV2JnLt5jtJAVoiCo3ivtMwXP,FKsC411dik9ktS6xPADxs4Fk2SCENvAiuccQHLAPndvk,4644549462,5247679392,4145199341,4920650154,4336065190,92232415174,Yes,Yes,Yes,Yes,No,92232415174
DZVqmD4QqSWM2gUyEXdQhvt4u3NZtCRxdsn2n2nNiBRL,DZViGjfD4um4GQaNEE1h8tmWtMpgCW6qcvPBuHCyLwRX,1790613804,2526144903,1534962606,1735286777,1712899913,49728363135,Yes,Yes,Yes,Yes,No,49728363135
DZVySotZvrvJyVAcgjFtUDm93zoCaq9wBruMAUz83CWW,DZVyygR326SerwzVivgqb8REnegEyU4teMkGQaBV6Bpw,0,0,0,1228719904,1232066537,41601085305,NA,NA,NA,Yes,No,41601085305
DZv25oNCWFvGXu9tH63BiAXvG94syweGZhbvdN3HxDxT,DZVSbEJQfAFftodtveLseuzc1Beqm239usKJhx9TiBRL,2223165198,2354968204,1562142620,1744009744,2593771009,47403931747,Yes,Yes,Yes,Yes,No,47403931747
DeXsDvvZzKhVux4YfDFE6p4acJLGzr8yKt5pSTjzZB8t,H6rbcwuQtadcv9JvxLM7GEskF6xFXnrNT3iPkk4RfyBE,299291938,250043682,225971542,197021937,285236942,11823929692,Yes,Yes,Yes,Yes,No,11823929692
DeepM3FDWaAb7o53rvyZk5YvHLG3FvDiVXJLRY78z51p,DeEpSdaw8uBLQ5T2HQhDf8fBSVbm13jGqJwoSF3HTpL5,114390365,77634107,89185082,82941525,91591166,3431513102,Yes,Yes,Yes,Yes,No,3431513102
DefiihS7gLkj6xLjjhcr87bFuwpVVNYpeNBaBeFe56CY,Defi89YpAhk3Gst1Jpsi3Nhj7yCu5HropESh37SQ2v9g,62373461,103643049,49256802,66754945,127783165,1907107298,Yes,No,No,No,No,1907107298
DiveRaPKviyDnQyiiMFdV4rujsCBJzMNvPjKfvGNLGvL,6hcGvZypizjf6PPsxboshZHRqefyQKSG9L8vZqYdm7UY,239367879,265782395,193612837,378599841,278418586,5599898930,Yes,Yes,Yes,No,No,5599898930
DrifTrN923QaouP89UxkQzFGbumKPCnfkNYQRwmZxatz,DriFTm3wM9ugxhCA1K3wVQMSdC4Dv4LNmyZMmZiuHRpp,0,0,2649874870,2695632456,2832991114,0,NA,NA,Yes,Yes,No,0
DtY5Bzxd75iWQRvKwM2xLUxqwLT1RRoeNwmVvgS2JANA,BSRRvjdKd8SHApi3KtTGbzrdhUojitiwAt4xt4nAxbFh,169547104,99987109,67468701,50634173,93561817,3355998832,Yes,Yes,Yes,Yes,No,3355998832
DtdSSG8ZJRZVv5Jx7K1MeWp7Zxcu19GD5wQRGRpQ9uMF,CvSb7wdQAFpHuSpTYTJnX5SYH4hCfQ9VuGnqrKaKwycB,13114683466,14658065986,9516541058,11542587149,11363589879,411119028912,Yes,Yes,Yes,Yes,No,411119028912
DupN8puwoPdFo9EYm8AXemEn9cMsore1QmZzfPaxyUG4,B48pw5uXH7gkCibuCBPE6nezKsCmYfFFwveCeMHpq4iv,20979052,23320193,4301643,15848863,44582090,33874090,Yes,Yes,Yes,Yes,No,33874090
DwGEK1ZSC5SM9e7Tkts5hLpkUffAsFUcqeLr2zifaXZi,B7Z2u3Uw4xvu7s9wtBiV3YmWdr7vEm3r6ZL2jytxQvtY,0,0,0,0,0,2393100932,NA,NA,NA,NA,NA,1805492372
E99w1XfS4UNM1xUKXWEuDmj8Mduy7u65jm2NCULTspSV,EfnywDKqArxK6N6FS9ctsuzNdxfx3pzfXEQE5EevQ1SV,119121830,103180394,152973292,103753453,94935528,3366740382,Yes,Yes,Yes,Yes,No,3366740382
E9hD3ikumJx1GVswDjnpCt6Uu4WG5mz1PDWCqdE5uhmo,3a2onvgTpGynakAQwx6gigtSeL7itZewNxqb5JiAvWeA,77257264,136734558,56795549,83840132,91832022,6954183509,No,No,No,No,No,5347498456
EATpCzQNs8BzZh1mx1hXMAJm3o1MLXakTXr4UEmcsY7f,EATzgj3KL3NAkaSKv8JFXPJahGueMbvTdVZj4zD9nQiV,22932812,34099890,22827997,74414296,53747396,617653794,No,No,No,No,No,225084167
EAW9vxqogvdPNapq7QTDpiVTHK6o7begUhPVnf854VTc,DyDjFYB6i51FMHQvB4eKSwGHmgMxVf1i3FWwANAngqyY,40705537,105524084,79329848,38444826,73756667,4547208342,Yes,Yes,Yes,Yes,No,4547208342
EBk678aQvc3cUkfGyoehfw21JQfJXjmWuBeopYc89RSV,EtMSc3MvcDXUr6ChK5GxyFVwTxYA3zqP5XzjE9jwKvSV,0,0,0,0,0,3111723633,NA,NA,NA,NA,NA,3111723633
ECZx4Dfyn2o55KTYbM9r3Dt4VZRcrdfdrst7sUbWgrdU,3VZHxnkK1A3HYeWYaqgMebHnc2acgLzRiXYwTNm3ooYM,260175238,269837067,188831512,225762315,311033516,5519868571,Yes,Yes,Yes,Yes,No,5519868571
EKHuz3Ag7UtYrEeterGVFHwYWDn2d6aXjnAAf2d5edLh,23utbQdXgsucDPTVcaRQiTZMrKPhQ1nmg4iRNdHDNwTb,0,0,0,0,0,480785842,NA,NA,NA,NA,NA,480785842
ELE1xBTfmHB7vuhSH94q23r6j3tuvTXYTqgm1u4uzMLk,ELE2xaC6i6pmeu7bfrYjBv4whBeTAbgwcg5hf2ythiBs,102106618,72369342,38255936,76335860,58678261,3626108626,No,Yes,No,No,No,3414127861
EN5F2BU5juUEWr9zRNNqKuQMi9zBUY1YLPHV5EyMrvnW,9ymU1ayh9mZVyDL4dUUtXKtX1wCaFNzZPGutLJgqzuC1,271570625,281619619,164971087,146164392,200613269,6410863096,Yes,Yes,Yes,Yes,No,6410863096
EPFZFVrXuveEQar9LaEkt5kDRPMnbvK54qu5FwCxpkcy,1oH9rfyrbKoP7ucJ1Zr2HLHmDU8N6G1G6dEuruFsSqy,91544748,61501560,75756169,64373129,26735008,1440692392,Yes,Yes,Yes,Yes,No,1440692392
ES1M3tMZ4rMTJ3apE75cHfeGWizDTrMMXy2zKtWkd38R,4RcSXeQbgG1v27M27PNNLhy9PGB6uaJACXUZ3kBVc4kF,34504319,106810465,65381492,68930112,138174752,499666765,Yes,Yes,Yes,Yes,No,499666765
ET6sihELJYJeiQ6z3MdpSnbHWPPJ5FUFjZag1BtxVX6e,5csconnhG1Z2JBGoACCiFyrhCg31pAecXa3ugymbyMw5,0,0,0,0,0,1724603757,NA,NA,NA,NA,NA,1055362457
ETcW7iuVraMKLMJayNCCsr9bLvKrJPDczy1CMVMPmXTc,C616NHpqpaiYpqVAv619QL73vEqKJs1mjsJLtAuCzMX6,157551720,131908344,123054287,152457692,96974388,6581370287,Yes,Yes,Yes,Yes,No,6581370287
EUDis6LJeJzDHTEBgfHGQyjHp63XZkGkx4E69xunC2Ej,steakxfubt37xYdvuXz7BV5Uhhhk1FyJx9zGHfDcTVr,166669392,247397232,178938200,143609979,170557103,6840718138,Yes,Yes,Yes,Yes,No,6840718138
EWARp8Syq8cTWGWHtP5LT9fKAn5GvXfSCH8LfAwpgQ6m,4BVYjw1ztUzUPsxsaCheWWwThT2X4rjogZytGnuWPUGg,153105496,121054131,107643676,60272675,176678564,4262821224,Yes,Yes,Yes,Yes,No,4262821224
EXckihF3qmguH5znjhfzLvHsbk2E3nEW2DqNh4MMnDMm,CMPxjQDTDyXKh3ZsKP7HLwi3tvgSVpFtLJYMxbeNZE68,2460634442,2188470051,1945764330,2334080626,2246521274,36601159963,Yes,Yes,Yes,Yes,No,36601159963
Ec2vpRp8HsTXndg25eBNJTQcQxTdEbhutivLQQLshrk,PT7kgZzgqUzbkHnQ2asoBtA73iuE69JsPkcKsk9shrk,0,0,0,0,0,838290357,NA,NA,NA,NA,NA,714214448
Ed9WjPnZfAXsPttcqxMwj94qsuXVRyBsyXnDkxFva2Zv,4YykTGwg94GgHZEPSsQfbaMaEE9HHAHqSuXT65L6C6wf,411230490,418397331,313389701,205986305,285914397,3141942430,No,No,Yes,No,No,3141942430
Ee8dX3qtwrDRnxYK6NGQfmMeKT3Qpp2QZHpxiAiw23W9,5szskKdH8nfnUuHTvn9hnhH3Xuvo7RVmcDDvD5WD7yNh,225879457,272166458,994734852,262844541,313452078,8704547620,Yes,Yes,Yes,Yes,No,8704547620
EtoMApqP2h1vVm9XLTTp5HERNezm5btkqrdAGQ9fZRnp,7HhmcAGzjChFjG1qsN4Y9NPgDWfytXXVA7ZRBWE7eZc3,177028216,194781258,125296638,139598262,278793478,8055427426,Yes,Yes,Yes,Yes,No,8055427426
Ettghfhr2kQerqAyGUuifFtBX17QecRe2gwpUZTAbZuw,Ay5AcULBRJznGEEaGm2mWziRbefETRjdfZ1kwsoXS9u,58974555,49939785,38950457,34861777,51838648,2706317942,No,No,No,No,No,1233284936
EvnRmnMrd69kFdbLMxWkTn1icZ7DCceRhvmb2SJXqDo4,9QU2QSxhb24FUX3Tu2FpczXjpK3VYrvRudywSZaM29mF,9467134477,12801603621,9043643466,11311083558,10331863501,320688163055,Yes,Yes,Yes,Yes,No,320688163055
EwUVzgSPe1zy2hfUGZxJAEP7Y1wheNgNsgratbzPELru,438C7o4cJrbchdmxEPvFgaE5g9DocWKeSc1k4E1aY7qw,0,0,0,0,0,900443587,NA,NA,NA,NA,NA,900443587
ExCHWgfeJyKRzpfryiQn4W6aYaWhbSAEnsoUnBGNqjWD,ExCHgw3CfdZTbsrDA2phe95jswV2bDr5oSJwyKJKzEdN,105491373,106010898,47635850,37218277,52482941,2429386296,Yes,Yes,Yes,No,No,2429386296
Ey3DkEVbfBxfWmkTsG7Hqj7jshYf5Zx9H8462Zjjkykf,GA2t11gJcmuZ4y7pShTzgYDkxVaJaVQJqkVUqojhPPsT,206719698,385412273,363657749,263033920,319916428,13748994591,Yes,Yes,Yes,Yes,No,13748994591
EydLxzdWfD434DDxZYXkTcajvK5VKH7p6CofEDCRUkJ4,7Eg46UwGgsufXdd9C9kF27UAyD2t4VdmCdVTtPFoqxCy,218627519,263151137,171674578,158558287,137357107,7575278944,Yes,Yes,Yes,Yes,No,7575278944
F3dJbecT56EoP51Awv5RXtVTv498QNKWrUDu3rQ5srvY,4GN2gRpWbtx7REhN7gS9AsEkZy8QmA5xv4eTGiGafGuF,0,0,0,0,0,2040091782,NA,NA,NA,NA,NA,1484129289
F3tdN8SoakjEPb743VY18YyKJWYHo6rojV3nkas5YJh8,EJ59wFK3qPrnsFFSpZ7jSwCnXe8hVQ12heXYUqry7Muc,120212572,281342411,97947331,134147027,117109826,8564588656,Yes,Yes,Yes,Yes,No,8564588656
F5CRSKK34yQ1G43WnnP5vy9sj4YxthBWM4ct3wGzaB6n,tssGAMwuwFBfJbPeyXTzMvGekdWcVi72Nqg1qzaabEM,0,0,0,0,0,1955073684,NA,NA,NA,NA,NA,1596941849
FACb6bbTDRBHCK999V8ox8jga5JBnt1r3vvzmAYAMv2o,FACqsS19VScz8oo2YhdMg35EsAy6xsCZ9Y58eJXGv8QJ,279540381,264340036,253006764,264964196,666195279,9479047745,Yes,Yes,Yes,Yes,No,9479047745
FFevTkywysWf8PJvH4DZkEp4v9ks9HJPJhZWbhhJiYnr,5DutFKQ8qPmbjFEmp31QH9JDYJXvwh9pma8ap5Phxk6H,94954502,72047849,109898377,98472945,83687181,2677596688,Yes,Yes,Yes,Yes,No,2677596688
FGj2F187dqKfCQLfa4NvRPhiTeXwm8LZDCq4q4z5g6ai,6AAeoHYMUQfSdFGqubUmWVAasFkzJEq47oKpHNNTZxLN,206088110,220337467,238257411,175264678,133025549,5298579906,Yes,Yes,Yes,Yes,No,5298579906
FJDmjm2bkR49AxtBvABQphrYwjdjB54BP4XCW7ht4E4M,8Xt3wSSftRb6L7iRiC2SRU9UQop4S9ZaGzWv3ZH6PSTD,0,0,0,0,0,2233218810,NA,NA,NA,NA,NA,1622750089
FJN8ryNvkm3QAQufsjJmJ9eGPpK1D8hG4MawATqZfFhx,3uxsKdY45oPct1pUQM9SYy35LPjRmQif7FAU99T5QrmZ,0,0,0,0,0,8009083,NA,NA,NA,NA,NA,0
FLVgaCPvSGFguumN9ao188izB4K4rxSWzkHneQMtkwQJ,5yHqB3NxovCEMUniQCboaPRMyyQ7kQQF4QqvC4vaz78z,53848261,48928080,46821345,66347188,4711878,837674952,Yes,Yes,Yes,Yes,No,837674952
FLWc77X8dKh5RdJe5xMFxry8kvSVUbo9G4MQ8hCAg5ve,EcZBjDPzSZLdsyKCBq26MZMYFfiinZsfcL3SwWMK1eNL,0,0,0,0,0,1678438104,NA,NA,NA,NA,NA,1678438104
FNTPSUuRpDoJx1hwFmB5ncNLLMX42aE83P4hsFYUfNRL,A9jRCzF4uxLVnVs8ihQECtZ5ZMbHUvoZusddxTQ1iRQc,86223034,94621106,71836824,64705451,86891356,982270559,Yes,Yes,Yes,Yes,No,982270559
FSVdqBzx5D4UsqBLnvmH5dFx2dCm1pTPAbQWJ1PYzTJ2,2EWi8L6xp62VgTqFo3LnhoSP5sL9CWqYxvK7UA63qK9x,211937066,446643577,110731558,79434289,78212258,5115657453,No,No,No,No,No,205964100
Fd7btgySsrjuo25CJCj7oE7VPMyezDhnx7pZkj2v69Nk,CcaHc2L43ZWjwCHART3oZoJvHLAe9hzT2DJNUpBzoTN1,18913822074,21821603080,17116229345,18511657688,19548196656,514789245544,Yes,Yes,Yes,Yes,No,514789245544
FjYEr2UCeFzNfAKiFrbhG34Zv8LxbmfHYAFhAfc7SLQL,21wUViiyG1g47VZ39ZZsSkFX9nu6bkyfy6jryHGD2TUB,282058493,191891238,156818903,255629122,307451307,9252451580,Yes,Yes,Yes,Yes,No,9252451580
FnRqe316RrxVBv85EzMgcuWaVLZYYuyEq9znJnSZAu55,6hkfqeNAbURk7CmAQsP4Qm6WwHVF4LxHupEvQf7Tkrf1,0,0,0,0,0,6099786819,NA,NA,NA,NA,NA,6099786819
FphFJA451qptiGyCeCN3xvrDi8cApGAnyR5vw2KxxQ1q,5HScvYkTWL9iojhPv26xK7GqB7oBsj9A2qHCeNRFmdyG,159239920,86601182,63922317,71814346,36275395,4207783502,Yes,Yes,Yes,Yes,No,4207783502
Frdg1NUoQaaTmASWNTrtDrBU5PbTnWtUvtdCr1XPNn1c,6MP6Bun9VmkGcRVU4iF14Q8P7jTkGtQW9zVwmB9kCYyK,0,0,0,0,0,3328473138,NA,NA,NA,NA,NA,3023919169
FugJZepeGfh1Ruunhep19JC4F3Hr2FL3oKUMezoK8ajp,7emL18Bnve7wbYE9Az7vYJjikxN6YPU81igf6rVU5FN8,533544392,598074384,683485187,631290652,475227137,20219867763,Yes,Yes,Yes,Yes,No,20219867763
FwnWx7x99rGwLmipzz8ii15NqcHkKRo2oS1Y7j6LivgZ,9f7dqiYNBZbgPesAnLeWnKCtxYHSfMg5x1EMZCJwVwG7,202553476,236113755,242742367,309899730,318216338,10531742530,Yes,Yes,Yes,No,No,10531742530
Fx8ATrRvjMnmUCjjDaUFcyjhbLVPzZJicj32bDcraqBz,Dp9gpMr68ZG6gKi1ByGq1oACwWrmRe7cvBWBHhRbdHxr,0,0,0,0,0,2512491291,NA,NA,NA,NA,NA,2149254989
Fy7RCjDdFLG8wLn7TBKbccaKwYX1FetdSoVDREdUHf5o,4Q1khZnsdtNyQjUCpYPBDYyogui8b9x1MWtKNdaPiJdv,26907429,93053220,19989434,65267276,67753683,2333380739,Yes,Yes,Yes,Yes,No,2333380739
FyrwfMaomErzqrFUXMjCJ7mA4u81DsiDdrzC3MJD6d4j,1Dadio3JRvpEjY6iSmXmhbGy9RiU8Nxh2GmoVbNusbE,432909935,825623384,534003427,552470359,522240494,9916590941,Yes,Yes,Yes,Yes,No,9916590941
G1bLKfyNm7zsmmYEL9dyxBvMtxpFcwy2s84bHDj2ZFUY,xBLpiTwufjcuFCjbk4aCmFy7HUY5D9xy8L1EX2rBwmC,763807671,1066355351,541616558,1007588476,891937840,19926412260,Yes,Yes,Yes,Yes,No,19926412260
G1eAmANVWf6ZeoxG4aMbS1APauyEDHqLxHFytzk5hZqN,G1EAMrJcvzs5SwqAQRgDTjYBEGrxxJVwNS7qiUtB3akg,32565478,32793188,49995444,34993290,30583104,2489994283,Yes,Yes,Yes,Yes,No,2489994283
G4GT8z4AKWNoy3x6nuzxW83UfFXLXzrwn7DZQt4GvWdU,77i1Ryv5bLp45yNeJCwCU28f37fGYspvRtGbNyxsD6Qe,216230620,264906320,188076254,210661033,137658748,9428227434,Yes,Yes,Yes,Yes,No,9428227434
GCQ4V2e6PPdgHM1mXgepHZvdRkWAxbiFUUpJC5Bpcncd,9SFU2TfJmGB2jq8NHc5Kiaph6BGje7MDJRu7joQ7ZqWV,0,0,0,0,0,683685158,NA,NA,NA,NA,NA,585273700
GGX3BEoZDqjxcw4AbCdu62ZTMrkpSgmPt81oP2mVuZNS,Cat8oWQiFfrR3c7BcceTYcpnYCzSWfCPjMXT7mfHXvEP,109196669,100559483,362823566,148249812,183886048,5604838151,No,No,No,No,No,1993364696
GK2YYwmQk58xA2k2SeugY3i334SJVViqTT8sT5wim3Dk,3jkJVgfz1zrHSy6YLK6g96eTj49kCnDj2i8AbbKLZhkk,89680677,205860008,110390891,217260569,138257201,1710580027,No,No,No,No,No,1710580027
GLAMiBuunBioazKwNbkGnWP6BM2sfVjehr4goPPGBFAC,GLAMvLYFVzzgXPEjwdTKFqXShckYvFaF3Z1r81Pr8UtW,21610694,6708247,9864137,18493908,27816732,305160976,Yes,Yes,Yes,Yes,No,305160976
GMag1aGPi4Qi7FYNYi9HnAaktSRiWvZ6At3UWruuhEcL,HzJULufbrhteHLQDYAh8ZZn3P6Kip9MDo2eLEXgiTJed,0,0,0,0,0,1812746127,NA,NA,NA,NA,NA,1496844500
GQiWnDYrzHMALWG9avt5FCu1wisAQHjGY5ve7GMBiPEe,5XGMWvqZSBk1fktPtxbwaMF5dhkbrtchpwd4xiXG9q8u,146312523,394169498,278460445,288198519,334880432,6743816406,Yes,Yes,Yes,Yes,No,6743816406
GQqxGEmi6aMBZtcfmfmC5Jgx33X57ksvNYoo8bMH52T9,B48pw5uXH7gkCibuCBPE6nezKsCmYfFFwveCeMHpq4iv,0,0,0,0,0,702423670,NA,NA,NA,NA,NA,702423670
GREEDkgav1ox1jYyd9Anv6exLqKV2vYnxMw5prGwmNKc,GREEDkpTvpKzcGvBu9qd36yk6BfjTWPShB67gLWuixMv,801966523,760596632,878087197,816164611,541117124,13363866020,Yes,Yes,Yes,Yes,No,13363866020
GS7tvhfiU36vp8q2d92buz3dgENidvA3bWNpRDFcvnR2,4DcSke272vfn4QQK49RNzPPj9pYasbyjoiY1a5UxLDH1,0,0,0,0,0,906356862,NA,NA,NA,NA,NA,906356862
GWJyUxzcVwRRtpLuLiu1mpiUQsZ4onYFAYfCjQnuLmz5,9KgZYnDzHhQANoJ43Z8czkgXYdTjtWLRrH9nDf42gqa,247771917,481714541,182873293,233611075,272504336,11167204112,Yes,Yes,Yes,Yes,No,11167204112
GYx8kpp7SsRwtQEEsGQjAxb4hFMMmT91kFJuDeky3YGQ,7jPqpHuN5v59dtBom2tjmYEfi6WaM4sFtJeTD6fzhcdS,0,0,0,0,0,12867310008,NA,NA,NA,NA,NA,10084962110
GZMbBC62TfFZj7YBM11AciMSm7ejKRGjzg9ehsmjLtqz,B7ZAax4Un8WZgvz5VQa55FRpyusPqd9o6WtaQfSxpvEn,0,0,0,0,0,1147428019,NA,NA,NA,NA,NA,948423263
Gd33fENP1XsBimff41s1EWrs2kmqfGQqEJ5CQPQB3Jwy,BK5Km4MyuncoBWKCM9y3zntA1JjhdqNcHd3mxitms4Xo,0,0,0,0,0,2361074545,NA,NA,NA,NA,NA,0
Gf4rQifKzAHznUdtbFumy1MTwGX5ApgwnkxUUvEaEzWC,NfqEUZxKU4J7C4HobtMRFhBP6MvKvNCoa7wXSdwZNcg,0,0,0,0,0,1710870146,NA,NA,NA,NA,NA,1592107363
GiGa4gzsvLHmtPdN4MXFnr5U8cRbxS2FoVkZ8xq2uus5,CHED2jBWgvh53kd6fbdbqhZFipUE8VdF7orQr8dz22HQ,0,0,0,0,0,415621974,NA,NA,NA,NA,NA,297587846
GiYSnFRrXrmkJMC54A1j3K4xT6ZMfx1NSThEe5X2WpDe,DfpdmTsSCBPxCDwZwgBMfjjV8mF8xHkGRcXP8dJBVmrq,127910408,234885198,86461708,135679298,144896466,2825236246,Yes,Yes,Yes,Yes,No,2825236246
GnZB2GTH8KJKqU3L4tR42a7BnKXxvgS9rerGMAszNCp,1M5USfamd1N4i1z6UZeECrWeu2VfrxjYMBSXThu6TqB,0,0,0,0,0,225578912,NA,NA,NA,NA,NA,225578912
GoLd56YQz8nJQnCsPFw8g5hcxrNaQBvCfAgbtwYFLbd,CaBaLhyhzBx3oiEUxUPvwmAG4bSYCM4Emb1NiWJJS5mr,0,0,0,0,0,34680182282,NA,NA,NA,NA,NA,34680182282
GoeW4aFK4dGoekJySgUynWDxBZiQJqm8GDAF4H53tDK9,Ak5BJzQe2R8qFuyYmaAFPjXuD7XPux3ZNTv52D7rfiqR,6408680080,6161506289,4500393544,4980400150,4989811331,103613569645,Yes,Yes,Yes,Yes,No,103613569645
GqDCbnafLmKkdqiqf278jDLXqjjZMB2sViZQtR82jPUf,4KfAqBj3Jvi9GGngFK1MbZkjHTcSFyvhFnVwc2QrNiEh,208916907,129432019,82441620,128478564,179421729,4183360231,Yes,Yes,Yes,Yes,No,4183360231
GvfaiJUhNCRZGVGumsEF1eHDb8JpAeFAyHSrTifyhrbt,6oscGUEkXE8fyWoC4czRKbM1cuLkJNtgRsX1Un6w88Vf,148489451,89221765,149811391,153263724,388081485,6450523204,Yes,Yes,Yes,No,No,6450523204
GzK6vbP3fejCMqja1veNtN3kF3s8KubDCwApnkVeyGt4,BcEeYrL27qmhUnk3BebTEjsuFmvoeEGgrwBHj3M3ArCF,0,0,0,0,0,1296853197,NA,NA,NA,NA,NA,1030663619
HBhWr2MXcBjuhJAfwei8N6cK588Y7zBwmAg13RPshrk,xLEM6v9xaZ6Mb8SBQjf6ryHpRVxMngdWepbzMUashrk,0,0,0,0,0,677206133,NA,NA,NA,NA,NA,493518759
HEL1USMZKAL2odpNBj2oCjffnFGaYwmbGmyewGv1e2TU,he1iusunGwqrNtafDtLdhsUQDFvo13z9sUa36PauBtk,20712760893,28532937696,19142390290,21733899245,21774257195,627585531580,Yes,Yes,Yes,Yes,No,627585531580
HMWXfjaeSHhww1wvdBhqhHVP9v96mFB4LJ9xP2MXbDGH,FwLsjPJdnSiuCvs1NXyR1cV6Sw5GRE6Lj2s1gZ9NNTmv,184795454,295571939,141975124,171644581,154073611,4228307252,Yes,Yes,Yes,Yes,No,4228307252
HVXXmNKkmDZbZwj74iL2Y9Wu4SyrchBoxAfFYVAktLrG,644K33yWfSzc32VvY5fRUfUqphw8LTaLQntCkyEpJ8h7,637939462,273023189,165238617,112037386,207778525,6139516079,No,Yes,No,No,No,6139516079
HW4zorvt6xDwhU36RqjcWNwU8YMj9tiqnAafBKW4cqV,4jEHuQZTNTRYAhxRYEjV3HJ1b4wqdQjnBRdPzFWzkCft,256626128,402566605,184011112,116721999,148815388,6020348054,Yes,Yes,Yes,Yes,No,6020348054
Ha1iade1AH3B12K9SccfWoPdFtQKKQsj2ZyWwxcjqJJU,Ha1VoTEPWFQp1wZjbQhBNXJftuHvimu1ruzF3xKYRPDQ,1196720134,1425390146,1229401878,1243859831,1492586583,28769836117,Yes,Yes,Yes,Yes,No,28769836117
HbQwCgDvVZF5pMdGZMdX2poPU43RyF1TxQLz6LFMqYRF,2tdiMkw7vc7ELX6YSQVRdEWFuwAmmYCTcvgqsCTTVRHc,0,0,0,0,0,1516102955,NA,NA,NA,NA,NA,1195602480
HcZvwZ83PfjrQDiq3GLHxisTs17aGURs6bJ2LwtmL4qv,JnGGar3XbAN6J3cKGRbNajCuhqnc9XWrk6WWr6hDmuM,145662451,0,0,0,144797669,7589812243,Yes,NA,NA,NA,No,7589812243
HrWYa5vKZrcDbQWE39SGYwyzYcbsmXfBiHJGxpasymm,nfGcSJkP35SkPa5475iBChmq1UNcj7JE1uQHrrasymm,29713626,37747283,31122449,158541838,24956038,452927035,No,No,No,No,No,0
HwN6eoEe9N3kwHi66hpQDBMFPk6ASQGthWKPX5MZmisp,HwcVgFSgmfeeF7zGFUBLoVA8Hpx8rtwyfCrJ1npBaSVC,144966805,157676002,123610976,82747091,68944072,4137010909,Yes,Yes,Yes,Yes,No,4137010909
J1xEijrZvidXX8eF9gnHprucjeMAASZ2tYkY1GXF91Tq,8b3JPQtHbw8MBJQNwUDVXC6xfaL26UNx6WA3GShGy5Vw,0,0,0,0,0,1689015422,NA,NA,NA,NA,NA,1357745891
J2obR2DK7gnd6H88HjKzEYuMyboDWRNpbzwmGSh31nnu,DXv73X82WCjVMsqDszK3z764tTJMU3nPXyCU3UktudBG,0,0,0,0,0,1520813260,NA,NA,NA,NA,NA,1155824591
J5AsxaHfWn6KpEcPRT9EZ9szvEMBQeHRe947UeaMPG3z,GJQjnyhSG9jN1AdMHTSyTxUR44hJHEGCmNzkidw9z3y8,0,0,0,0,0,2394361772,NA,NA,NA,NA,NA,2032705806
J6etcxDdYjPHrtyvDXrbCkx3q9W1UjMj1vy1jBFPJEbK,8Pep3GmYiijRALqrMKpez92cxvF4YPTzoZg83uXh14pW,6583029238,9010759477,6262863957,8021445577,7035648512,133840050977,No,No,No,No,No,96039467378
JC7bH7HSZoDhwggBXtRF31cVt71WiizY2J6YDDQfG5er,6hkfqeNAbURk7CmAQsP4Qm6WwHVF4LxHupEvQf7Tkrf1,380176932,423235156,309208619,421918765,398390625,1883852957,Yes,Yes,Yes,Yes,No,1883852957
JD549HsbJHeEKKUrKgg4Fj2iyv2RGjsV7NTZjZUrHybB,3JD3jMmnR6g88qff2WZ3cMHJRjJMUk9yVZtmYTYeFrXf,12480218705,14576339012,10501500269,12949698886,11539171279,341882587347,Yes,Yes,Yes,Yes,No,341882587347
JupmVLmA8RoyTUbTMMuTtoPWHEiNQobxgTeGTrPNkzT,CatzoSMUkTRidT5DwBxAC2pEtnwMBTpkCepHkFgZDiqb,16687232606,21921651807,14209751888,18431186951,17756347363,425465338610,Yes,Yes,Yes,Yes,No,425465338610
KAW1LjxH73tRBd1XsaqsRsgeERFkg4WpdXUSqR4QjkW,kawiL1oKtakS5xXsmeWKV9ubUJPtdgBrRU9EgHGDADf,37687298,12962905,16337694,18650083,11152606,55704614,Yes,Yes,Yes,Yes,No,55704614
KAoSp3EudGqUBXv46tQoDwbZxSm3iXa9wM2aF4ySbJJ,kaosFcskhYZCQidKKmkUSQLAqwpz3vtPpyyZ67N5NwA,45575611,27852261,27533919,34006582,12308045,47833381,Yes,Yes,Yes,Yes,No,47833381
KTMkUG8WCw9FdH44jLMBpc1teGafnYL6SgP4fHHbsNM,EpicsoqLdDP8qRn3wQRKTSKAXbjK9dUgFfNPRQS77MQD,176418367,339599017,93371558,98201010,83687245,4070084498,Yes,Yes,Yes,Yes,No,4070084498
KiNGTLWCgoqLKn266xxT2Zosko3FumNv7Z4V7V9cyKQ,KiNGunz943rm3mJmnbELCTSh61EPqbNATFiP9XbFb9G,0,0,0,0,0,4682301351,NA,NA,NA,NA,NA,4119981264
KoLibrJsbABbtmtFPc7nPvDxT81rc4UPM7mY9xSLjpo,34mSDco9FM8599y4QF1GJvyWUrPixeT3zRNZAvzNXF6x,387930296,315525363,191009719,348392283,228357013,10924724242,Yes,Yes,Yes,Yes,No,10924724242
LA1NEzryoih6CQW3gwQqJQffK2mKgnXcjSQZSRpM3wc,GE6atKoWiQ2pt3zL7N13pjNHjdLVys8LinG8qeJLcAiL,675037185,1265566984,892914038,701150354,812516221,2884179120,Yes,Yes,Yes,Yes,No,2884179120
LFGGGJtnBLvq78DyMz1gTeedM6f8owck76qHThDABBC,fVotEjqpmpQYgyVyBCwYm62BKqqTQNE6SpYnRmdBazH,97607501,141831388,59730243,54147576,61675295,5151211984,Yes,Yes,Yes,Yes,No,5151211984
Lake8NXDThihebhxS3Js7mFnj9fthmus93zEdsFNrsL,LAKEuKJQYVFpf4vyjX7iuf9ajHo3k9FiyewYKf6VxPV,391866076,458486343,301091293,507354300,420905624,13802103795,Yes,Yes,Yes,Yes,No,13802103795
LiFiDJwJjW98MB8wxcnXpafKYsuz1hwpUkuszkERiX6,LiFiDDUsf6GCRHwkHzW4YnR1QErj99MAU9diwb8TvWk,80644500,69190665,39211108,113151080,23432636,1901462629,Yes,No,No,No,No,1901462629
LimeA3gMLb2SjxrKbP7NsWk1UwTZrw4B6Ctc9dmVU6E,LimeNKYH66uR9BwnrPtxPbpqmkambxHVcutGoSaWPiq,89626056,89396864,41889246,36275908,73670302,956086111,Yes,Yes,Yes,Yes,No,956086111
LitxAVo3RnYXD2sX1TyRJxfnKy48amXgyGiysPZjZwE,D7WodK26tETSqyWBW35vvMGfige9afLEyTsm1Pvvropd,96825917,124014107,78104814,112476761,152678688,130316148,Yes,Yes,Yes,No,No,130316148
LodeuWMHPiPj2PUHUyca2bkpFv9HyzR3gaDBmGJ9TSS,LodezVTbz3v5GK6oULfWNFfcs7D4rtMZQkmRjnh65gq,103499813,32468419,69517913,45936204,61903897,2568483772,Yes,Yes,Yes,Yes,No,2568483772
Love31pnbDJNVzZZVbtV4h2ftvTPVcBpXW11BSTCa6s,Love31JHTTweTzCu3BjyjhXJadjRrd57hiNZn7M1fLj,0,0,0,0,0,3098604305,NA,NA,NA,NA,NA,3098604305
Lua1fxRRHCnjVAYdfGyv2GbUsRHGM2DN2wgpWuF2WSb,Lua298Woc4rgcswL64yfWAL4EW44FgBZeLsKforf6tJ,21641245,9549561,0,0,7508290,185986504,Yes,Yes,NA,NA,No,185986504
LunaowJnt875WWoqDkhHhE93SNYHa6tfFNVn1rqc57c,LunaFpQkZsZVJL2P2BUqNDJqyVYqrw9buQnjQtMLXdK,154946330,173733006,102238252,138396595,136669043,5961295202,Yes,Yes,Yes,Yes,No,5961295202
MBVyz9s72WSfUmbr1S8fgHjDJQkPs1Q4Wxi6A2Mees9,3vwstewNgWAwN2uyuJduoZVVhmiwvAbwCxrjeJG6bASy,473967418,346549505,303519886,339785120,289960638,5185003511,Yes,Yes,Yes,Yes,No,5185003511
MCFmmmXdzTKjBEoMggi8JGFJmd856uYSowuH2sCU5kx,2het6nBRLq9LLZER8fqUEk7j5pbLxq2mVGqSse2nS3tf,217907223,267425603,200013944,172581655,248030830,8151293459,Yes,Yes,Yes,Yes,No,8151293459
MagiCBYNPD9iTBXqiFybAFCREQzG6MSM4LmFLXQZxuV,magiCChVWbehZ1e3XqQfLh164yUfQ8LnRWgSP9i4oFp,216273837,228861371,300081411,331955009,239394716,6009102841,Yes,Yes,Yes,No,No,6009102841
MicoB9cA9R6jsicdhzWFjwd9HMkV8FA4o3WxYU6Z2yz,MicobSZgB9CZNvmnFSYbEtMjy7CUui5o6P3XoGTwZC5,29239819,32856397,9871277,9861791,25641266,592521786,Yes,Yes,Yes,Yes,No,592521786
MutT1jxCXbRWJXpXoJK259gLrNfzDezdxS3BSkQAmv1,6H9J5xtcqGwh2hd2GpBHfvrnDicWk8GtvpnypH7piktA,813995849,746561123,582168666,659544317,699104828,25421349369,Yes,Yes,Yes,Yes,No,25421349369
N43JWBg42ZoUFMkHsRUVbP7wGVdxaHKanqaF9BBNiFC,vanFfAkyFXFnj6TpmVwet6pJBnS4nBWNcJiE5GEsZ4K,202461824,353406277,170263415,183587714,210115321,6196073372,Yes,Yes,Yes,No,No,6196073372
NATsUSZGohWw8xtLdxG4yus21UCkaes4FLfM2eqKbRk,fuyugZxM5S4NyV3ZYoc6ebs3fmRTrZ3X27MKCFvHpVD,146465149,136652054,93293703,134653654,169931911,7349894727,Yes,Yes,Yes,Yes,No,7349894727
NLMSHTjmSiRxGJPs3uaqtsFBC2dTGYwK41U18Nmw5kH,H4QVPxS7napq3NEYxqLhxbKi9nJ8s56dD2EQZGsyZ3sb,32573281,24426294,70320612,68162663,59166494,8988128468,Yes,Yes,Yes,Yes,No,8988128468
PAWsME7oYbjt5TRNc11mBa33JhKnQr9AYherdr9YAZ6,3ZUQekqiZoybB57y49eqtvSaoonqDwuNbeqEGwN88JkQ,419009607,309283626,221386400,304427564,396238171,11909345276,Yes,Yes,Yes,Yes,No,11909345276
PRGNnb8DxVcP2WjSHfVRGgc8SkA5u6dbMwoTVV1BGKN,VotESBSkLKU8vebS6wTR2rzWWJsLc6YThYS6tebPxXq,267224899,348927591,206256228,350255961,310661039,15105926252,Yes,Yes,Yes,Yes,No,15105926252
PUmpKiNnSVAZ3w4KaFX6jKSjXUNHFShGkXbERo54xjb,DsiG71AvUHUEo9rMMHqM9NAWQ6ptguRAHyot6wGzLJjx,1637321749,2031668200,1316658990,1476263936,1482203327,57094356926,Yes,Yes,Yes,Yes,No,57094356926
Pid6HQnMCFb9izqX9i7X6ePdUPieGmjHoPxC1Jfooix,PineDoC593nrX16W8ZLWfF5Evb6otv7fRfZMLjPAHe3,164525520,351841443,114402866,183046991,392927947,7548364380,Yes,Yes,Yes,Yes,No,7548364380
R2D2imoV8nXk1ngT9v4dEK65We4uLNyUarTBdWbFruq,R2D2vs3bJwpNF2ejaB6UW1JdCZ5VstuAmuwxDuUUWNj,49733397,56369611,61206370,85671336,43049681,1027643234,Yes,Yes,Yes,Yes,No,1027643234
RBFiUqjYuy4mupzZaU96ctXJBy23sRBRsL3KivDAsFM,RBFvvcGPBpgkBYmJGsphoDQJD8sszSuorM7TorWm12Y,653957535,811610906,858437198,1098316015,924902788,22553585281,Yes,Yes,Yes,Yes,No,22553585281
RLMS1pv3YKi7CSUCKTNcFN5fFkXJc2SmCwPhbQpqZJo,RLMS1xvot6R9RCDbCtZN8toXGm1ceJHXnBSNC1wY3FU,0,0,0,0,0,3095929530,NA,NA,NA,NA,NA,0
RNXnAJV1DeBt6Lytjz4wYzvS3d6bhsfidS5Np4ovwZz,RNXpSdqrJL6eoLrbW69Q9qsFviEwRpfFfk3HiRRRohq,956035125,1161486740,790842431,754629246,744190411,29937977445,Yes,Yes,Yes,Yes,No,29937977445
RhoAkvPz4uJY6F5EnmBSHnFFEeyA9rt9Rvp95G6HraT,Rhob5aKMhFYqwn26o2zvApzwAWmagtW1ShLmWSPxhKX,0,0,0,0,0,230053537,NA,NA,NA,NA,NA,0
RoYFUUD7QD9aQ34UCMcwfye8dC5YvJeXz2J3mmoy5S4,2ayMCC4aizr8RGg5ptXYqu8uoxW1whNek1hE1zaAd58z,191228299,231081042,102255587,70116891,131344459,8421741528,Yes,Yes,Yes,Yes,No,8421741528
RoYLttggWwa2st3KAGEjnPhsq4NPD5QwaNVyyR8pTz4,roYL9AoyuGae7uEAErzZhPSSxnLLZU4TNx8wmwCk77r,121272505,250063363,209132720,237683900,135585608,6300090991,Yes,Yes,Yes,Yes,No,6300090991
SENDa18d6LsC1f85AJXXMncBxQyFQKSJWZ1jaop5K87,sENda1ZL5hoQUMpWbvRpReEfkrM4F35g9GBXPpYaZ9v,30090344,59317737,12279194,19951403,39983042,1410056553,No,No,No,No,No,89053674
SFundNVpuWk89g211WKUZGkuu4BsKSp7PbnmRsPZLos,SFund7s2YPS7iCu7W2TobbuQEpVEAv9ZU7zHKiN1Gow,425595382,412957640,375658726,259838545,202293754,14100184029,Yes,Yes,Yes,Yes,No,14100184029
SKYzJwMV6uX83pkytP5FFLFFtwi4yBfdg1CmDu675C5,VSKPGTijnFBcXVYNk6pCaSWBUp1pz5u5qP9rDdWgsgM,0,0,0,0,0,71245568,NA,NA,NA,NA,NA,71245568
SLAY6uN1zZpXBTfbuDDCesNmM5D288xrz8uYvfS3n41,SLaYv7tCwetrFGbPCRnqpHswG5qqKino78EYpbGF7xY,634558325,775752599,567944442,752077835,739221470,22517287651,Yes,Yes,Yes,Yes,No,22517287651
SLNDCSGTEsA6KHpgR32MBt9UAurZnVSJGUtW2tRpdU2,SLNDoinxE7cCgE5ga6FJZ19F4FiUaEmtzSatbY6cjWy,302855064,409549309,212670611,728930800,251428975,803405476,Yes,Yes,Yes,Yes,No,803405476
SP9K2c8Z1aaQaqdQgC6hZMJ5UCTTnE76XNYVse7H94b,SP2JKHyxhs8eMQUi1wrJEcganVJoMhPe1hygowsusaP,51290507,69125649,86320889,0,0,1867252372,Yes,Yes,Yes,NA,NA,1867252372
SQDS9iwyWvT2mQbSZzuNKGoxuBug5jRHouF6SuMRBkA,SQDSVTDfE5HqL7D6RjZk1vvZhaheWoskrDdDHCki68w,469859893,200818185,146556285,225054443,190117430,6988923739,Yes,Yes,Yes,Yes,No,6988923739
STPTshazcjH6cZMHzQBrggFSPHXYCTRGB7ctqS1AjkH,STPTPuWoyKzbWawom5DBndxkeRFAjW4PzJ2EjL1qeMW,202652809,69772402,62637589,82209771,109999927,1887995684,Yes,Yes,Yes,Yes,No,1887995684
SWiz7QwnYPm61pWWUUkMhj4r5pZLP1SvYibdHcB2cov,SWiz8fJt7CV99Uv9VZTLGAkMP3vTpc6u7ZqNN5dsWXU,0,0,0,0,0,6867579372,NA,NA,NA,NA,NA,3881653147
SWnetabTLirPWqEK1V1T7HkVLC5vGvfjEsb89wiqrGh,SWnetzxKaKtuysePKKAzdPAk3gqWgPYxg31vet69Xnz,115360401,296274824,172802976,175652094,148952441,6612003899,Yes,Yes,Yes,Yes,No,6612003899
SaGAgdkowooXBrHihpmE8gsjf1dUG7n5SqnyJxYFnXJ,sagasJDjjAHND4hien3bbo5xXkzCT5Ss6nKjyUJ45aw,81956326,78014058,111366860,131604453,123230090,4617058738,Yes,Yes,Yes,Yes,No,4617058738
SoLiDJGk4WkdinyLiRWjkFbgLUhjL3idGJK8H1rUWqH,SoLiDDVm88uWUMk2rQpG7B9wC55a6xveYEz3JnS6tzC,59915376,137332897,50623371,171306335,74503501,1395370027,Yes,Yes,Yes,Yes,No,1395370027
Sp7stYmvQaALhVEsmbV3NnatVrH7DFJUz6PWYJfshrk,xtA5ixQt5rvEHfqfGGJkdKqoV9TH14NPfkhsdXsshrk,0,0,0,0,0,617882494,NA,NA,NA,NA,NA,489577650
SscQkTYV2BFQYGGffAmTzvefrFrw6z9GNYiWHstVZ77,sShosKd6uA5c1ZpVMxdsE6do13TLRWSMYsXbSMmNC77,266633716,321339812,193373749,212115416,223428796,5718377979,Yes,No,Yes,No,No,5718377979
Stakex4B2tpDHPWGvV1dninfiaYCGdakgTknpzPitLh,StakeyJXE1yJbEApBVswHN4JdZXcj7V5MHbzffa4dFp,222298935,325615916,181411857,222981777,231280343,8820122770,Yes,Yes,Yes,Yes,No,8820122770
Ste1115xFGdAYK5jaWA3dEFcUc1S5jEbVvD8e327zty,Ste11vRHQJyQjcTKrDbTWAYsTXkX6PCnoEw3mSH3u2k,0,0,0,0,0,12400243643,NA,NA,NA,NA,NA,11816654242
THWsLPufeq9LWs2H9vYPbtFwdxAHbQHvSbT6pztG8x1,THWfRpcJSC7oDrNMSCcixTZmCHVBTEVQL4qnd1UTD1x,373798075,447773424,267538773,259118511,281077392,10453977528,Yes,Yes,Yes,Yes,No,10453977528
TopjgY7N1fJdnW89S9fX6t7LF61nspgXGL1NpgAKhDG,5DnWqsJceNamPNNUpMnVr1XQ8anSxcj9TXRD5Rn52prJ,101155586,144691082,71527931,64322077,95797805,3527607021,No,No,No,No,No,1278752122
TrUtH9WTw1jBVuuExpm3MnC5XF7mW6J3x6oXXA9yX4U,TrutHUEykD2UsmAq7W3hA4r3XiQxGLqhENAwo9522xa,0,0,0,0,0,313337731,NA,NA,NA,NA,NA,313337731
Tri1F8B6YtjkBztGCwBNSLEZib1EAqMUEUM7dTT7ZG3,tri1cHBy47fPyhCvrCf6FnR7Mz6XdSoSBah2FsZVQeT,283908052,367321284,179767833,240833362,251843534,11590608082,Yes,Yes,Yes,Yes,No,11590608082
TxtxXzLTDQ9W4ya3xgwyaqVa6Tky6Yqhi5BLpPCc9tZ,TXTXAmsarrYrTobiCzq2r9NBqfChqRE8wEfJNsYZZ6F,650206367,1461150531,595356008,595548827,621544273,20264910098,Yes,Yes,Yes,Yes,No,20264910098
U82KEYMnuCiZSQbvuCJTZ652HX9NQ63uNSnxyucshrk,c3wFuF1LCtsY5DGo7eBQCwLHhtZgAxNwNDrUCqashrk,66621489,104372929,65730903,42251504,40559127,1791852541,No,No,No,No,No,790432943
UMi1r5J3SagSu4HC3waB3YFzbXi82rRSScgW2e8NTfr,MkyLHecSHN7TBdWgnh2J8KCsEHnsqqbVYSxtGmsshrk,272237504,0,0,0,0,534622280,Yes,NA,NA,NA,NA,526339508
UNrgBLmc8JT6A3dxXY9DWeHvDezt2DZQbhg1KPQfqEL,unRgBLTLNXdBmenHXNPAg3AMn3KWcV3Mk4eoZBmTrdk,37883791,31738427,16727625,17577407,29312053,3545641670,Yes,Yes,Yes,Yes,No,3545641670
VALiDcyCpujxjJAZDK2av2TpMAigpSodzj2ApqgR4e6,VALiDsfZKafvvQM5CMHhJd6PeVx9UpeDEC4Zk3WYikz,229218946,338461605,319354809,215968806,221113278,8921956905,Yes,Yes,Yes,Yes,No,8921956905
Va1idLRtYEtVFJFsvz8vtt1uCJgea4Q1zi2Rh3eraJh,Va1idkzkB6LEmVFmxWbWU8Ao9qehC62Tjmf68L3uYKj,710925807,707373179,633108976,628723148,601692965,24456497740,Yes,Yes,Yes,No,No,24456497740
WUNoB9YQXmXXRcJsjY1G8PfVag5aAfnyGmFd6YwJVwp,BDn3HiXMTym7ZQofWFxDb7ZGQX6GomQzJYKfytTAqd5g,175073844,319485285,150830296,381540735,169580679,7173446585,Yes,Yes,Yes,Yes,No,7173446585
WnP8cbMW3fqZLHiyEWSpjBQ6sZpfPustpaiY4QKshrk,g3YCFRjDBQDv44XtPT6dfGvhrB9DE75zLMybq9Mshrk,0,0,0,0,0,748222326,NA,NA,NA,NA,NA,675646631
XAqHfPFsqTfAJHBRHAcEECkMSykXjkUj2Rta16Qshrk,ySxF6XaSFSwU46iJbgyh2rAW5jagLbYULPtWvZCshrk,57486576,40036400,47259634,74281879,59833360,2429236664,No,No,No,No,No,1072295700
YE11a5nVJtUNqsojkphYuWc7StqBzbCeFH6BjhAAUEV,YE111yizdzBA7JQKMXjy9VSx1shKAczUbs3b3e6vKQH,124729253,566176261,60756063,137254357,54142312,3473076689,Yes,Yes,Yes,Yes,No,3473076689
YuRBAsy9Stw1u46A8dMp7WQVBFweLP1PKuYibzYAMmQ,9gANMngbGUmAaLXL1RC3JdiaLjRowJXNbzCTh53ht7mq,235063736,345380950,182991489,220902684,180220230,6341620631,Yes,Yes,Yes,Yes,No,6341620631
ZoD1XLMhxdMveAJL4x9oab4FhRKP5NThTnSCH19Tdjp,ZoDVQ5zCgFyVm2Y6vHhZ6boQEZNV6sMVnefev4M2Bes,164137395,173047246,137070940,191655679,104498786,2065955695,Yes,Yes,Yes,Yes,No,2065955695
aXiomFkk6VzXaBhPuhMqTLZZguCFzzbyP9LTtZ7ZHLQ,DqbRPQXbN8GDKWZkKiHnRjiSKPqE3rQaNgTPxdLGPDMK,0,0,0,0,1204733679,0,NA,NA,NA,NA,No,0
adramSYKBv1yHoZTub4kepcmF5LybPxwyJcsz4fpfi7,adraBKLNY3DL3pg6SJRDYiMA8BsznaWpUdE42X41gbP,341607339,215840108,169071743,238333900,196992760,8647728175,Yes,Yes,Yes,Yes,No,8647728175
adre1Xia7ekGsEqNgHeFc7MYwkfzTQNeJgQmZ2agAKZ,adrePWHJJQNNuMfK3QrBKXDZZuRFPRjhovMMeSr3Drz,79380220,64680412,33358417,58886353,65842824,2075940603,Yes,Yes,Yes,Yes,No,2075940603
ana2y2YvQ3ZPMwm6qhnN3nJoUSiT3qx5Pvetkq9xcfY,4AUED4uj6nSTuANzaAUnGBPJQRmhpDYDwoWJNkoUUBBW,3475361740,3471218052,2982905904,2532919040,2384481292,83811552578,Yes,Yes,Yes,Yes,No,83811552578
anzaeL7Lsv71HW2mew8YcKGyGqL6qNn3xoNPRrejM73,49ufmzpErLmn7jAeP666i8nMdXhFuvzjCbQwf2oEMkN3,156880246,315744188,155117137,94041986,110816453,9775474312,No,No,No,No,No,3578991452
axy3tCRL3wmFMVG4c69rYurcf4fXhBo2RcuBj9ADnJ4,axyQeKp44XqUnvC1jVHoeuAJ3j8wVnGeWtddeAcNYcF,273118810,140515937,84107649,116052917,56465591,5913604505,Yes,Yes,Yes,No,No,5913604505
b1ueZK9bWTywN2587zsScyLTaH18wfRfN5W15XnkiqF,b1uei1YN8YVb3qHy2JitBx4Fq9nAatLQFcNbnk6Ex8p,179928308,139435834,64669700,148580871,131355381,2526672761,Yes,Yes,Yes,Yes,No,2526672761
bay3wXfJsu9ds1zQBoQQ4DUwFGs3NP6q4gca9WM5G1z,bay3rQMjiLPy6Nvi7tfNeVK26inBCxf88hKYyeKy64H,0,0,0,0,0,5452186174,NA,NA,NA,NA,NA,806164132
bonkcbAQvHpYWxEG63E8ufTB1cxkkk9eAKaPdGePE88,bonkYyhB6oWHP6si4oTSXKnEQZTrrCyGZLMgt2VqgHP,311908548,309937789,240520919,361450610,9820079696,7637652210,No,No,No,No,No,6896959876
bookoVmqw4QjVj5BbkFacouadx9M7816wyRkfM7A5Lo,bookLxG3LkSmt4htJ1x9zPw6E34RRMAi7sUn5mM3CNN,161651802,211244825,151240012,130106067,99497624,5538005547,Yes,Yes,Yes,Yes,No,5538005547
bxrAptB5ZpZBhoLedJpoGWY5hBjjt3zvVBr2323Rrq6,bXr9MyoUAaGusQZ4gaUPmSZByHAV7RRGr1FhCW5tFh8,316851994,362302843,251074900,259418044,340866905,12616537289,Yes,Yes,Yes,Yes,No,12616537289
c3rtoMCHSbFrLRTAdw4iRowKSn4BrDtvSPbuyJwkHwx,AuBB9st3RqhHBkzZgBSm6SVnHZNJQSHeBWCSkik4bzdA,184913184,196383716,113915325,119186044,205802188,4683170535,Yes,Yes,Yes,Yes,No,4683170535
cBYbGeACrgaqNNoE1zFTveRZGozE6G4q6X6ntnCshrk,VMqRkZTWE5pX8AEow5jqYYxn6QkzLBL94woT2etshrk,0,0,0,0,0,650893946,NA,NA,NA,NA,NA,481763195
chdvWr6T14nqGRFD37KY36dsvhkCtDaufW5rpu3AfHe,chdv8H9fPfk2zFqSVaxRjsEo2qEDmswbju3BVgAHPNb,121503470,132420118,143213039,281967038,78970136,7725738451,Yes,Yes,Yes,Yes,No,7725738451
chopskqnudaeCTENWzUjfFCBSLcxprqbdMoCAucAwfb,chopjqMvdGWRcrcuC1r8LmAzz9obXi1gSYPYM6zimWa,32385196,35605801,16844157,5786101,14905636,41014081,Yes,Yes,Yes,Yes,No,41014081
chrtyETASKQhsndRM9pr6qC3gAHG5MuRwCgXSNVqnJL,chrtyiAw8suFRvS7rTcfgcDyNu49bGPNZ2fjSPzNPFr,71362769,144428686,47945788,36040714,65113064,3544319724,Yes,Yes,Yes,Yes,No,3544319724
ciTyjzN9iyobidMycjyqRRM7vXAHXkFzH3m8vEr6cQj,CiTYUYPAPHdcri5yEfsmqVcs54J6j8X1QaiFLgYqMVe,215945946,228279925,165785626,251211345,235263912,10283163695,Yes,Yes,Yes,Yes,No,10283163695
dcntruDNP5SEcGV4RxnsqXFURdDZGT3DTQv68Q8H7Vu,dcntrKBwh8j5yL62Eg96Z5QjJWv3UXxMu4rqL82w6Cb,231873196,243160159,185156848,194117436,222456155,7483863947,Yes,Yes,Yes,Yes,No,7483863947
dmMwc4RazLHkvDZYrWAfbHQ6cViAvNa5szCJKaiun8S,dedxrPfNqPKBRmUyP9LDkaitpQzU6PD44jA6GP9Ndhk,165887022,163167384,214238106,123836394,166870375,6965229401,Yes,Yes,Yes,Yes,No,6965229401
donK13ycwd7Xp3ZCGCgRQupemv9s7MedbrQsnpwT3UX,torMTZJKyp4sgjPzGpy3t7Je22g3v87MK7bq2mLfAhs,0,0,0,0,0,0,NA,NA,NA,NA,NA,0
dst2u7mXMyDvb14cSErRNA1mxH1d5VXbSXgZ3DKE9xH,dstqVmt3cDH43Ux2SeTY2Hza1eVW6pwGLwehWCLfuPd,372680642,128843605,119326001,102222792,178482177,6708949703,Yes,Yes,Yes,Yes,No,6708949703
dzBhD4wikyy7xqwiJvT49gdrKqWVjfs9M6cTssmRX8Y,dzufrE42PJjNNRBstdmunAdeDToDA3Cax6WDpFVj36Y,91536654,44570663,41774747,28517494,2541389,1482112955,No,No,No,No,No,1081151524
eKV6p4xW86Ryc3r93WYLEHhHne7Zzn3upT8R2cxshrk,BUgQ241MWNkRGwEYww4VNtLxTZNb92YUzxwtNx7shrk,0,0,0,0,0,831234912,NA,NA,NA,NA,NA,584530647
etherUisfbmZze6spQmtv3MD2VUCEfqJV1xjVcN6nbc,etherfVmEL2ymvdhjAm3FKGdrJECFaG3cZ3ktZvQ2yX,40994100,14529826,14737604,25859499,44216058,9364837,No,No,No,No,No,0
eyeYaqg9e2L6xw7YwsSLm27eWJfhLNAm6ETQm8TXNoK,eyeVhGmVEoPSWmQU2wP5WZmMihPBTCk7kMMm4VhuAKS,199790708,98972965,113877246,159288020,141446299,7842299679,Yes,Yes,Yes,Yes,No,7842299679
farbZXR7aBQSMCYiUXzoS4pRUsvuCZ38f6AXMXiKACf,Ej35PiU6wxfrQeJJwuqoT7s2gYSwCjcxQtEpHvpvWBu2,77486088,54921771,0,0,0,1033257192,No,No,NA,NA,NA,489198196
fdzip81euDS8jEZHx5H1mn27zGVMLzkgpQuzYRBfBYG,fdvtuDvWJZ89Z7TmeLjCwxgoLcmoEWNxruV48DvJtfm,264810294,269369869,899432979,195745076,246782778,6801720059,Yes,Yes,Yes,No,No,6801720059
fhT6kkkJfBAkG8C5CPBQJqyiNfW47NSLhAQFvBFYmio,FH9xcL7Fqkreq1wSkn2Vf7AfnMEyo2KK7QX32LTFndt6,0,0,0,0,0,193403386,NA,NA,NA,NA,NA,102677253
fhsM2sxME8cHrrk3qvtMsRRDv5AoLFja7NjNnHeYZxe,FH9xcL7Fqkreq1wSkn2Vf7AfnMEyo2KK7QX32LTFndt6,53854512,33744398,31585610,58632830,50460478,740816566,Yes,Yes,Yes,Yes,No,740816566
fotby1ABxpei2EVH9uXJ6KbHYgPjbg4Sny9eRzQjtRN,4T799AaK9YT7zBtVqYZEnCY5ihUF5XaEYemwr5EnozoQ,41381041,50531092,12720047,4112451,7878849,344759383,Yes,Yes,Yes,Yes,No,344759383
gVALrRd3xq4D62KJNGDCpMMGz976w2x1Vo79mSNn4bh,gVot34jauJpexBL2YUSPBKsmZ4V2ffmDcRk4yfSEnx8,192038910,274023801,180946468,141248308,182591847,3673038099,Yes,Yes,Yes,Yes,No,3673038099
gangtCrQg5RmKf5yxvhvZThPugPX58pDSdQ5UuS26vN,gangtRyGPTvYWb8K3xS2feJQaCks4iJ7rytFUPtVqSY,0,0,0,0,137523390,0,NA,NA,NA,NA,No,0
gojir4WnhS7VS1JdbnanJMzaMfr4UD7KeX1ixWAHEmw,goJiRADNdmfnJ4iWEyft7KaYMPTVsRba2Ee1akDEBXb,0,0,0,0,90021127,4212328832,NA,NA,NA,NA,No,4212328832
gotasRuLTuJNZDtLHmaDJpEUjCWZqkHcuwbLhkgCwCX,Gotas1PRPrkqqSNm1ZKcn8Tpx9qL8krSQzTZ5DPKzkFX,49233937,90979554,44757505,64568983,71372928,1883645111,Yes,No,Yes,No,No,1883645111
gridqZmeBcsUKT2Mv4M9YFHFN3tVLFb2TCtTcLD1cAd,gridZ5cMHjWGktAQt6o36NtF7XSv19nJBrW83zmo7BM,401327144,303587557,172839906,197161454,326525363,12701214732,Yes,Yes,Yes,Yes,No,12701214732
grptonHnt7YSmJokGK9TJJTBXDT8ca4LSWMHCCfzzPa,mnvkHm47ZmRKoSWuQZAfXLRiDPiKCq8PWkMWrp1Wwqe,717739217,1215371813,648970602,935360789,817952966,25911645469,Yes,Yes,No,No,No,25911645469
hnhCMmnrmod4rcyc3QRKkLEC9XnPTvYJ2gBvjgFiV4o,hnhxfrndd827LET6jvnQV4aWqpS2EedaHcT4gj8ArSu,218888813,174772936,113320664,91027326,218518219,7268326503,No,Yes,Yes,Yes,No,7268326503
huinBRP3muBuqZLMW8ARjdn4mBnEmFFcxiBzrkQz553,G1juWDqojmp5CWDhgRqtXrtpAFw9xqhjmEQAKr9faf4V,145225654,111206982,46150983,83896699,81331816,5414651268,Yes,Yes,Yes,Yes,No,5414651268
hxMhrsuGPDmkLJ4mTxEjyeMST3VGhTiwJvS9XgHwePj,hxVjzDmta9TuN1gM981TRKnfwG2uZ9TQDGwSCs3uDow,203249030,172507450,132417278,196072308,150995515,9256739007,Yes,Yes,Yes,Yes,No,9256739007
hy1oMaD3ViyJ8i6w1xjP79zAWBBaRd1zWdTW8zYXnwu,hy1oJTV2kX9acsqpwk7hbteqXFw9VDbWvbxoamFEufW,488017309,519959633,569514788,483414613,730286881,17424042014,Yes,Yes,Yes,Yes,No,17424042014
hykfH9jUQqe2yqv3VqVAK5AmMYqrmMWmdwDcbfsm6My,HAYEKSWg2EY21k38St9X5yM7QMW6SunKDefs5SqYSFty,120956809,119316938,129846881,107913044,159867990,1678042311,Yes,Yes,Yes,Yes,No,1678042311
icex1C6pnZxznQWiHZZANjGU8nZ8kNquFnjyY7XXrXE,votem3UdGx5xWFbY9EFbyZ1X2pBuswfR5yd2oB3JAaj,63579575,303288799,97691388,170975069,100238376,4828100831,Yes,Yes,Yes,Yes,No,4828100831
idCE5k2BtTpwXdwAC7Var1enT9reut9fWECcxQP7LY7,Cer1umMkC6cvRGKKLP3QwxsdxsgxmC1EhqMhB1mqVvYZ,169809214,572949241,105701753,218471114,164114776,7869645429,Yes,Yes,Yes,Yes,No,7869645429
jagBNeXYncnn1hzwSq1JJ16XhWTgQ7DCFVqndSJZ6vT,jag77EXci8uf5uGmKE5izaYvxBCS5H9U2rxWYh8BUUf,265147415,560527330,199535910,203496563,217153993,7916036599,Yes,No,Yes,No,No,7916036599
jntr1vkzvSujfckGR6ANmFmirVoPBMNr5XJGKP5uDQA,jntrMCSkeNagaMM437fhZxLYbFJh6pvj68bQDZx2pXf,164406079,286570922,120285475,612687721,153523804,6697320551,Yes,Yes,Yes,Yes,No,6697320551
juigBT2qetpYpf1iwgjaiWTjryKkY3uUTVAnRFKkqY6,juicQdAnksqZ5Yb8NQwCLjLWhykvXGktxnQCDvMe6Nx,1004282355,1183599903,896240667,824430677,972946327,30888264670,Yes,Yes,Yes,Yes,No,30888264670
kREnNfJrPEHbrjSQDxmxZdGmN6hi7ewXZ3UZTURshrk,FH5SX1WUubW9nD1rweZMofCHGhEp8qUMx3PksLfshrk,63485894,56504435,61077501,30246726,114088365,1562645250,No,No,No,No,No,567054607
kom1oNHyyt84XLGVfi5Jo1qkVkU5xG1sBxPG19rWknE,25quQGzrtcU224Kk7G5YDJ9oJXgYsiur8pZ7pAnCMhhV,0,136138121,91432299,171369680,240015920,175682546,NA,Yes,Yes,No,No,175682546
kyzzzgRymGpePUsLyr48kQHt53kh5CSfRH1qfvz1xgj,kyvvvkDpDCtSxQMPhzRhmv14DgUBVEGGzn8Dnb8ircP,103264163,96399129,97744128,43196588,52358856,1966705296,Yes,Yes,Yes,Yes,No,1966705296
mALL2W6DUgDDtcyurC9v5YTF2CMMeuRwPBkf6tEoG3y,mALLoAbdQrgsnm7kWJyPrhcQcmxfT73t8DaqEkpZNd6,66433579,117460656,58308761,76981925,99071110,2342040165,Yes,Yes,Yes,Yes,No,2342040165
mHtqTQHaUcFjSZF6tGLNLsHLvjVsxXEK8w3BoT9eLAT,B9aUcoqmbxJgbPb28oVoZg6WsXUj6Hf6Wu5P7CUbJ6NU,0,0,0,0,0,1185759102,NA,NA,NA,NA,NA,969317590
makot6hiF2ZEWy1yPF5otx73VuXpP5SCUeCbZiiGSt4,mak1EDQANhaKaDiNZeShT2GWe51cXgYZWCYpzV4Gzvk,0,0,0,0,0,1886967971,NA,NA,NA,NA,NA,1071048526
meshRrDTME9cL2FSQ9E56EncfkZ7vL8apwcCFsw3o6Y,mesh3Px7WMi7Dkxke4ZZBULoKHM6sp37wKtg4DwPqPY,137157463,156169854,99405014,167738677,84709694,5793089483,Yes,Yes,Yes,Yes,No,5793089483
mint13XHZSSxtgHuTSM9qPDEJSbWktpmpM4CZxeLB8f,mintrNtxN3PhAB45Pt41XqyKghTTpqcoBkQTZqh96iR,635216617,790221890,576923639,771118772,649646772,2337384301,Yes,Yes,Yes,Yes,No,2337384301
movJfS8W7z4PzZJbanwt2DDSN3NbZSyadbDp8DnqbAP,movwsCDJfXrt5mPfVdTC9u8pETrTysEdFxicvbZUxTz,0,0,0,0,0,98393147,NA,NA,NA,NA,NA,98393147
mrgn28BhocwdAUEenen3Sw2MR9cPKDpLkDvzDdR7DBD,mrgn2vsZ5EJ8YEfAMNPXmRux7th9cNfBasQ1JJvVwPn,233796288,348027914,248891169,185440921,336010647,5501636824,Yes,Yes,Yes,Yes,No,5501636824
mrgn4sJJu5GBa5wbKyjuASzhyCifvcedGoLtpKjB3Wf,mrgn4t2JabSgvGnrCaHXMvz8ocr4F52scsxJnkQMQsQ,590000877,660872478,530976374,620796931,595894376,16868250137,Yes,Yes,Yes,Yes,No,16868250137
mythxvB89eT3C1TKwwhsvdHfYq2aoCt2es8vLoDFYyk,mythxna3hpzXSbaseyR12vu5Vvym1HxS92eCgXLvY7w,84552495,173939748,96558800,92291427,83645890,3822945843,Yes,Yes,Yes,Yes,No,3822945843
nSGZ3tv2UhskkPqiB666yDVj7PTi9qKgDqvjHyw5JgM,AY271jdvcyo5VzBiWsMGLEjpZFFrarq8FDydJHLmYgCG,226496795,308041429,246688130,291429329,185937822,6238472890,Yes,Yes,Yes,Yes,No,6238472890
nateKhsYkrVc992UuTfAhEEFQqr2zQfpGg9RafNkxdC,nateBZg7oHVPLB2samBLkKvfzedU3ALZBexMFPMKjn1,166734011,229739561,137943203,88228395,126927536,7395078628,Yes,Yes,Yes,Yes,No,7395078628
nebu15XQKGpxzhhckADBX9PgvGN5qk9RRJCFLKc118w,nebu1WnZBrFZz5X7sfPWuEqyb8LBSsrXpxaesnK9CRE,0,0,0,0,0,6225773006,NA,NA,NA,NA,NA,4857415618
noMiSMNpN3iGeX3WdF5M2KQdFUQt2RYYpfJ4dN1Ni3k,noMiSdYbNQmFDrH2qMvYRXXzb5DUvjyPyDkXadzAPUV,138073218,203171035,144792951,113291702,680960144,2359818271,Yes,Yes,Yes,Yes,No,2359818271
nodeEgRVkbYLAQePtMx2zCN7CGw7qRgzKMCBtjMfN1D,Node56Cr7y4Udym2vPt9DsRbWcBL29JivsGh2drpbKb,129984246,324583185,154103381,154315636,165728760,3600686261,Yes,Yes,Yes,Yes,No,3600686261
novaeuhY2JH2WHhc9KVTHDx2cyJZdXJC6faf4CtARZn,novaoLcuVHSudkW3Cphuhiv82vspN5qzinGCtEbwQxz,126263213,144057238,70633232,87992300,66998736,5113085124,Yes,Yes,Yes,Yes,No,5113085124
nxts9SpchNGqWHRB3zmhskt434MCbUUwkeUcs6xX5oe,nxtHdSDmUZ8dWTC7KuPp8ZLxVVxhim4RCL4pmaQnLFA,0,0,0,0,0,97097456,NA,NA,NA,NA,NA,0
nymsHergYedT9CJMgtGMvqXUTGcbs5o3MiWTJUbqTGY,nymsndUdAZyUPpWYz5VEg8Ghj9cFvwTRgciLogpmYaQ,452206474,472900173,273357700,338459416,598258021,14726478563,Yes,No,No,No,No,13829717837
oPaLtitM6cwpFVzP2rDhLsJLdY2vcbuZiJJyD1TFUKs,oPaLTmyvoUhW26QCMwLA5JNUeBYy72PDpFoXQF8SeX4,1151784798,1194319343,1271207383,1501343110,1479649802,33671205477,Yes,Yes,Yes,Yes,No,33671205477
odcvDWH5wHVKz9XtmGGxTj5ZsmawTjCCty3nyBKDGzS,odc2aCE7yWTcV8ApP1cHmVqQZTkLNduqaYyKE1XhpE3,139848006,47472848,65821289,88065267,70238100,3926078150,Yes,Yes,Yes,Yes,No,3926078150
pSoLoZx55zZz61gjxSTwHtwTg4yTwdm7ruBmyjbYgT2,BU5CXmHhXwZfSYwFjCjqAqdbu7MTUsiKLUj45RSXiPsE,0,0,0,0,1906745409,0,NA,NA,NA,NA,No,0
parafiUS6h6oLhCFwhjvEmQJKw8pF1iXsxMJdTq46dS,pt1LsjkNwqCKdYYfc35ToDkqtEG9pswLTJNaMo8inft,219380897,0,0,0,0,2154804168,No,NA,NA,NA,NA,463624283
parayLyZvwnGjDT2pGqrVn8UDxmNcdNQCE8uPRWMeRz,ParaCzYN8KHz4B7xsSeEpmTyE5EBjpWifbpSfsDkiTq,52068479,66036246,67539558,27198400,62423154,1789654479,Yes,Yes,Yes,Yes,No,1653712363
peNgUgnzs1jGogUPW8SThXMvzNpzKSNf3om78xVPAYx,pENgUh4K9zNacyU3PXVE9KugW98XCqZsWpEvA8d8wzX,196133370,254240567,160040790,253962603,178809620,2837199299,Yes,Yes,Yes,Yes,No,2837199299
phz1CRbEsCtFCh2Ro5tjyu588VU1WPMwW9BJS9yFNn2,phz34EcgWRCT9otPzRS2JtSzVHxQJk4SovqJvV1TQk8,295922838,351050300,196612994,316867654,272979956,13590910112,Yes,Yes,Yes,Yes,No,13590910112
pidrcoD3t88h8MzJU2EACHL8A6iMoQqwueXPA8KLwUS,Hoo2PaowEdA1owJ4t6uJFGdSbgyWV5qGYRtTVChHgw3x,0,0,0,0,0,155269366,NA,NA,NA,NA,NA,59662936
pineXRUnbaLNFMxaM3zBmFfTiKgQMGqT9jYHXZWq2Fw,pine9rHVDS1pjwdhYkx3vRyaAyRd5KPDKXZEXAqvxcX,101884969,83129736,108790190,42101902,64336967,1944817671,Yes,Yes,No,Yes,No,1944817671
pitMDEaMmWmr7qP8HsNqarPQkd3jhZbLJibhhQnL5RG,BLX5PkLh7GsHaqCpLDxiW3UjxfT2GMyteVAhRZBYhCts,75194306,117380206,104105802,91830910,197270255,4871999192,Yes,Yes,Yes,Yes,No,4871999192
pitch9cMruwjDtAnisNS4mwZUPhMsBztNEGu2weMg55,P1TCHYwYPsNaNUK6fGkZzwXPjnYAMYRnUUv4c1TREee,37369430,52070520,37495908,32692759,30265845,1632834412,Yes,Yes,Yes,Yes,No,1632834412
popscoyTKVksa4TyTXw488b3vvFxM7qQEyTBeMQopKu,HLM6hyDWrEca9QMS92nDBa2AreU1qDkppttPVuJ7E2CU,155983972,390745089,193393626,272830443,165206126,7313530421,Yes,Yes,Yes,Yes,No,7313530421
ppppoqHcHVzigV6SK4856BAsNxhTAi32hqQQWrziyHE,vvvvXsU6iG2enDVvs4KeVqS4YrZczTujSv5p3dSeNHx,121596131,126909741,60150861,85043603,151721762,4832093126,Yes,Yes,Yes,Yes,No,4832093126
prt1st4RSxAt32ams4zsXCe1kavzmKeoR7eh1sdYRXW,prt1s9dMM15LdsUX9HugajzqPB5WVN8a2mw3frAiCfj,89442937,91565246,48163112,56956163,95859571,1888244408,Yes,Yes,Yes,No,No,1888244408
puffinQSvKFriPbyE5atyx1ptfnyytovbzxybr1jsyy,PUFFiNkUHF2DMfbKeUcYTSQckDDtkswfxZCDv5WQqwp,291136286,356376184,228661080,282776297,267585249,12663994640,Yes,Yes,Yes,Yes,No,12663994640
q1yPXLsYcJhzxhUYLewFDjYmsBh2gDFnYqrZ9VPshrk,FRqYRkp3tUoBc62pnabeX8SVr6p3v6HM2tzT2NVshrk,243418311,70168057,28830777,83690356,53192684,1679476264,No,No,No,No,No,635745025
qZMH9GWnnBkx7aM1h98iKSv2Lz5N78nwNSocAxDQrbP,6JfBwvcz5QUKQJ37BMKTLrf968DDJBtwoZLw19aHwFtQ,528675849,841432722,235494637,268534754,271011355,15656756512,Yes,Yes,Yes,Yes,No,15656756512
radM7PKUpZwJ9bYPAJ7V8FXHeUmH1zim6iaXUKkftP9,radYEig9KGrMTMWbWRFV7LStotQbnLgPaEFHVDsudQz,376818923,402391717,397153760,335978576,715350775,12940549541,Yes,Yes,Yes,Yes,No,12940549541
rapXHroUoGG3KvZ3qwjvGMdA7siWXwXpiNC1bYarvSC,rapxbkwBSSvtqRFrsY83f51oUuZNuVXci74MuzYhiCy,62501749,90314988,105504688,80183651,37801150,4825806480,Yes,Yes,Yes,Yes,No,4825806480
revtecFsGSRCdF29atQvchSXrjwBesA9vSisD4fyH5K,B1rsc6jv3RsFpkak8qvJN3PfGYSg9E3Uw1joaV1EoiFj,112692060,97905908,209132208,142990581,106525613,3302874143,Yes,Yes,Yes,Yes,No,3302874143
rubyWZkfnjG716rx69n2oCAhevVZaMRQunir9VQcY2E,RuBYsjLeJYtWXbabcxPbNcbbFXQvMLrJGutpcqVRomz,1573394309,1877926327,1639043911,1763235077,2166860018,48656192834,Yes,Yes,Yes,Yes,No,48656192834
s9bQfWdGJSTr8zHcFrDbuXpc2SgjS5jZvaor3t1shrk,Hcdhp5ovmEUEcyBZwv1DAZ5xz727fpZwujFaKCzshrk,0,0,0,0,0,679764773,NA,NA,NA,NA,NA,490399822
sCANXAaS1a7yB8jz3USvGNLfd8DSc9r7TNzNSKKPkfY,21oUQzzytWh6y3G3SQ7ehktMh1RrbsJNA4R5pAMNyyrG,79569947,58565810,32571779,26719389,52872755,1785381825,Yes,Yes,Yes,Yes,No,1785381825
sTEAKPk59EtPPbixCweyv6oRLNCDEE8pnnef6gUfbiW,STeaKrJdxdPMww27XJsjRBfrzqfjFT1BxotgQtFyDgx,226895869,297478587,240425856,148510230,195344157,9475793551,Yes,Yes,Yes,Yes,No,9475793551
sTEVErNNwF2qPnV6DuNPkWpEyCt4UU6k2Y3Hyn7WUFu,STevE9xVb1QfBHU4GgEn28r9oikAf5yxKJddF7fufwb,121725144,103334555,91331381,95996659,87209107,6519280491,Yes,Yes,Yes,Yes,No,6519280491
sbidYi7fbif6qNsMpwBKvyF5DKcLCbjaegpADsKqNux,SBLZib4npE7svxFA7AsD3ytdQAfYNb39c8zsU82AA2E,356320193,415759532,514295426,271436950,233118419,5213901804,Yes,Yes,Yes,Yes,No,5213901804
sfvTq7ojrEc5WdXcHijz676eX1pc5MgoLxbkYSdRDAB,sfo5vA1fFdPRsvqd8qdePtTnK97Qj6Jj3GupEzmNPjJ,39219806,57129397,96948279,141584591,99929506,908190295,Yes,Yes,Yes,Yes,No,908190295
sh4rk6QkkaHkYtn9TCNjTPmAk7yBHCNw35pp1KHo4UC,sh4rko7QjstESbderAwDEGitkXuuHdXLK4h8BQkr81i,0,0,0,0,0,1907785891,NA,NA,NA,NA,NA,1630660757
shftkxnsXmqAkmLgz9Mn7bNB5Fr6mKgFc58kFHfVikj,shft7Fry1js37Hm9wq4dfwcZSp2DyKszeWMvEpjYCQ1,5309256086,4759684846,3449122221,4479772956,3898136633,85155427321,Yes,Yes,Yes,Yes,No,85155427321
simpRo1FrQYGa1moicfgnPDp6KyE38d4gYrZzhjXYJb,Simpj3KyRQmpRkXuBvCQFS7DBBG6vqw93SkZb9UD1hp,313451666,321174825,174976381,275393427,244917530,10893853629,Yes,Yes,Yes,Yes,No,10893853629
soLStaCk5TiGCpeLKa9Fvv6f5JQGMa6S3uhLh826e9N,soLStAckuvkHtNzHF1cwmeSRG1FzVxKxwsdWZ1yrHrz,485683299,301278758,187247303,236332227,357849079,4072160704,Yes,Yes,Yes,Yes,No,4072160704
spcti6GQVvinbtHU9UAkbXhjTcBJaba1NVx4tmK4M5F,49DJjUX3cwFvaZD5rCAwubiz7qdRWDez9xmB381XdHru,458856341,316044220,261700624,433097976,375296039,11751229090,Yes,Yes,Yes,Yes,No,11751229090
spur5CDwBvTZszvy1ozGjRc1x2TuDWo3VF4jrq7zgvD,spuraUaJeFZfdbgXpJhgqEHFAXatfrMArARXhXioxKd,123548761,131197597,121377298,130871522,101095290,5826234342,No,No,No,No,No,0
stacheBmGG5zMKuetUevAbc4m4dLbve1VPcpSur3voH,sTach38ebT8jnGH8i2D1g8NDAS6An19whVMnSSWPXt4,70503546,637625679,101173810,105594084,67033678,5351048370,Yes,Yes,Yes,Yes,No,5351048370
te1ee9rGf369wxYQkuxkvuvMuTJ9cksgZySmNUF8rNY,te1exfYnykh2cFGCwGSLQu26Dpr8n2PozvBqH5Eoi3K,103937342,75341802,48409141,70249800,52247055,1626976141,Yes,Yes,Yes,Yes,No,1626976141
tkmaiSoZ3F8MofkQBVWG6JYSCzyN6ioe7ReYXohx3WJ,TKMA1fBGq4M7gF2CNnhphX6vNateFc2cm2FL2mYwq7e,28035200,137793483,355312074,104681182,1987647754,3566060587,Yes,No,No,No,No,3211270267
uEhHSnCXvWgtgvVaYscPHjG13G3peMmngQQ2ghC54i3,5K8qgC9nHzKHSSyo9fKLsMfYmavYdMgEaYx86cMmVKVv,584849353,198803928,131134338,178724154,166691465,4707985062,Yes,Yes,Yes,Yes,No,4707985062
ungM4fafkQg1e13MAzwzuvCxtTTiTZ4Xcq7KqnJRyVJ,HkK6U5e8HkTs5uE7VEWQ2H3NuznjLF1mpoRVjzdDgfF5,0,0,0,0,0,641940723,NA,NA,NA,NA,NA,641940723
uxqVAFQfox97HazsPtkKiwhypQH6jEGXkQBHDtXshrk,gGQb6ZcDG7fsVLWTvXZ1LLoY348tc1zcP2wkh8kshrk,94265708,77563244,67369570,71471328,53944640,2593171476,No,No,No,No,No,1070403429
vALigXFg9wnnhVHN16vNxHxXtAXiBv5QjAE6udoniBY,gaToR246dheK1DGAMEqxMdBJZwU4qFyt7DzhSwAHFWF,454651071,586045247,532433006,528699852,574724327,15515612902,Yes,Yes,Yes,Yes,No,15515612902
vE8K2TUzwD9NAiTcDjGx6rF8aqU7s3mYtvCmQjHshrk,13WYH5onYubA1gnKbnv222oNZ61pNfSXN5EYyvgGshrk,0,0,0,0,0,767442317,NA,NA,NA,NA,NA,652071556
vahMVcSS3v6uwyFormV7FDAUbQSHwmy6vUedp1P7L42,vahVByZszdHguLa7U7GLz8UdUFN85mcwdkefiqVjtGt,207798559,365040283,139161716,299219416,214297654,5591534571,No,No,No,No,No,5164088295
vaoJKVZYPAsqc52T2nNQhABR1gU6Cy2koDKfCQaEiva,voEskim7SFWrPx1tV2PVisqyrJejxmDEARX11mtZ5vo,202930498,253128326,178097634,204184882,200543413,7772700573,Yes,Yes,Yes,Yes,No,7772700573
vnd1Ps8w3fsi54qUMJxBhUWARES34Qw7JQXDZxvbysd,vnd1jskPHR2gfMtgTtq6xCwANrAiNbQTKgVBAJHnMke,106671900,74720249,109828678,39216552,53510357,2258233073,Yes,Yes,Yes,Yes,No,2258233073
wetkjRRRDrSPAzHqfVHtFDbhNnejKm5UPfkHeccFCpo,wetwJSUHT5afX3gP49q75gkz8FcCfvsw2kuSQ1UjT9R,107382685,82013545,70517170,97072355,65070224,4835729536,Yes,Yes,No,No,No,4835729536
wifwUaAXgGXixi757cinR8RhAzNuuyKg8hh7mkCDPEc,wifYT9aQQoKdJtzoXtBwqzjDoAytdxwv7kVLUytWug7,169890044,247136214,138859621,187257532,195998149,4354194275,Yes,Yes,Yes,Yes,No,4354194275
xLabscif2DLnYg39rQThqi7A9E45L9qiysRZhmZ1ARE,xLabsqDpN9WHXEXSJXk1yhqh5H8BgcqiBP1CR6Mkjcb,44361703,149950084,79129454,38592710,47476274,3231094481,Yes,Yes,Yes,Yes,No,3231094481
zeroT6PTAEjipvZuACTh1mbGCqTHgA6i1ped9DcuidX,5BAi9YGCipHq4ZcXuen5vagRQqRTVTRszXNqBZC6uBPZ,252550502,337461213,197933274,230126878,263534865,11981794758,Yes,Yes,Yes,Yes,No,11981794758
