"pubkey","votekey","dz_fee_lamports_859","dz_fee_lamports_860","dz_fee_lamports_861","dz_fee_lamports_862","dz_fee_lamports_863","paid_859","paid_860","paid_861","paid_862","paid_863"
"12i8gndWWWMTRzJBFhnYkobNgZB3XMUUJq75HeUrshrk","Cw2b2ng2fa78ndCXHcJMT1pqvdGxUHu5EBEB8KBshrk",9612799,20244385,18286473,7927078,8320413,"Yes","Yes","Yes","Yes","Yes"
"13DmVBcyrSdsSsLWaKH9x1dwxDf48Wu5wprwxMmLshrk","GLB3jUr5zuu79zFuEH3KP7boxtWsjHVyYRBK2SPshrk",11564068,25902038,56192423,25588076,23757281,"Yes","Yes","Yes","Yes","Yes"
"1KXvrkPXwkGF6NK1zyzVuJqbXfpenPVPP6hoiK9bsK3","1KXz4xKV2viJCGpxqnQqdf2J45vQr5USdmtcJLTaHkm",328141617,319067257,217649039,387258522,243029456,"Yes","Yes","Yes","Yes","Yes"
"1Link6hB1NpkCwJt3ZtpQKZszKauhEcKgiWjaU8PRDG","1LinkCP4qUqGvUiNuAWhAxQyopdBxsh4vhfLBb4apyR",8461213,21413335,7259730,3421886,11769189,"Yes","Yes","Yes","Yes","Yes"
"1i1yPyh843bTfi5qPgqozTbDcEX65rUNEFcUT2KAs2i","1i1yax3thZfiV8id5HTA61bjsxEi4pbjmhXsqy6JePP",177454936,119107239,125902398,157573446,145343109,"Yes","Yes","Yes","Yes","Yes"
"23SUe5fzmLws1M58AnGnvnUBRUKJmzCpnFQwv4M4b9Er","4PsiLMyoUQ7QRn1FFiFCvej4hsUTFzfvJnyN4bj1tmSN",261931660,271158639,178389512,310603668,225476952,"Yes","Yes","Yes","Yes","Yes"
"2AKKnirWVZMhnzuwqpizw9SwfZjGpRFLx2zCCNtPWpbc","CHiaohVV2SQCFhiYP73iQzWT6HxnZqnAZJJqAYTeLAo",158968013,136571148,120219814,289906616,184474926,"Yes","Yes","Yes","Yes","Yes"
"2Eq6YD8P8QXTeoz9h6JHjgZ55t8RSxNdx4waMDCoPmQU","C8MLmDCg3LReWoNCkFdHgsscFpHx2WdtcU9ZziNfXrhd",31578222,37052508,27622989,55463331,28316114,"Yes","Yes","Yes","Yes","Yes"
"2N7v8pDKDYhtBUJBQUgxvysUjgM9s4ULPCmeEiPWTf6Z","F3scMRjzSvXUa7JoK2uwBjNsYGi5sM84sDzE7FfGBo6o",91021415,82809410,57142646,104900533,107479683,"Yes","Yes","Yes","Yes","Yes"
"2NeqnzhgQBUEyMdWyVAXJjCYA3E2UTYXVdqutSQ27h17","CRank3fb5Nbi7AHEPCZyNQookwAzHZfsgwgRU7DEA1GS",1710613,4870316,0,0,0,"No","No","Yes","Yes","Yes"
"2P9ZYA4vBoBBr56hrEFTmrd5ctuz3r7wtvRYmbgk6jRL","FGtsnE1HB4bBi6g4xAt5mvWtuC3qBPWPBgWVrnRmUiVH",98205987,153793232,49447356,158292322,111498150,"Yes","Yes","Yes","Yes","Yes"
"2UBhtRuyr9nvWsUnrbWrvJiYWEU8TVBD4PLYQJKiRa9H","Luna8BkZNpZ9DKmszrZYPvFpTr4eJJfxxTnGDwTrYkv",96126224,63334441,27823294,36364218,18642623,"Yes","Yes","Yes","Yes","Yes"
"2Ue9zGmDnvYRrJNEjuAdNkbbickw6fKWtbeNM7T2rakg","6559KMdiUseNSAkRcK9WcFcNTppoj6jWtKVedpMkBYCn",42966325,46627752,37933410,50421529,56510993,"Yes","Yes","Yes","Yes","Yes"
"2XmhZKHmfjku3T3nC9xKhgr5bm1CAmWXqNsNt49mo82C","Ebm1XKkMzaFg2L5rzLPBnFHMtpDPa6SWJ7nVUzZUmXmR",192430106,133988416,126506863,137048488,244554821,"Yes","Yes","Yes","Yes","Yes"
"2abwQG3v2xRemFxRszVHSfnjJNe9zu5X8duKgxjyLeaK","EogKVYgic8LKAuV1kR9nRqJaS5zpwCvSMfqoehzmAMpK",NA,NA,NA,42745692,46680976,NA,NA,NA,"No","No"
"2gDeeRa3mwPPtw1CMWPkEhRWo9v5izNBBfEXanr8uibX","3Xn3K5zeTzs4sURj1PCRaF6rvFg2hPgT49B4SiM998f7",156959469,128811773,184710556,451895090,133076721,"Yes","Yes","Yes","Yes","Yes"
"2iXZmNQmmgE5ZeTQ1GMhhYGDqDr2BiqdEu3DbGJDo8MA","2ViVhbfV3uJb5xVBBBs4HZaoMK1M2WhHJB1sRDnp8R4o",43797078,66700912,38217539,89545359,41432897,"Yes","Yes","Yes","Yes","Yes"
"2icWF7TvxyycF7d1NHpMZYuJJqiRy2h7wmjFSbqUij1B","CzGLRXJXoDo9q86MpphPVNNsTgAxHvZfUfAiouWDH89M",NA,NA,NA,63312413,35323204,NA,NA,NA,"No","No"
"2nhGaJvR17TeytzJVajPfABHQcAwinKoCG8F69gRdQot","mNyQrNRYAuL2CwNCGmCsmwj9EcG88Sf8hs5rCirZaUr",98576253,63993321,69496813,57831505,64241681,"Yes","Yes","Yes","Yes","Yes"
"2t53LvZfskcpXkdwLaBnfZLbNgyVHPu2BNFpcRBaEBhM","Gvt8s5Bwnhg4G27VbnT1Zkfh7Jsztq6CNvZcc5anPonS",76398712,80348748,98228502,116771781,91481559,"Yes","Yes","Yes","Yes","Yes"
"2uxEHizFmmnLekKG2LZJwxNabhpymEYfdVCpgDxjt87m","Dcoj98wWiKhA4iqxcSg7NtuR2miA7tZqtycMdkPo8XDw",177860064,84336589,159367288,381744282,123273459,"Yes","Yes","Yes","Yes","Yes"
"2xKovmftuWNTwCWGtw2Cc6aZovgMZyKaoKK68n1ZLmww","HuoKCk1cRQ3NZyh6q6SkfTo1prQjqvWP36PzgXpj2koF",0,NA,NA,NA,NA,"Yes",NA,NA,NA,NA
"2zykwzzo1pd3H2oSj5j5SRLTvmpa9Nr2S2Bh8tTVd5Tq","Hmq1oALENff8DejgYhJxB4njb6pyCtuMKKxotdZicB4n",132809478,207481312,170392585,136951036,145854140,"Yes","Yes","Yes","Yes","Yes"
"3ARtLeVB83RoGAwRot8dh74pc2uqbPi6JwbkwDzqk91m","T2B5S9sTJCRi9mcpCbHi2rAdqfT3Y7tsm6ahnWhvH75",104379909,271181755,105828730,172156364,106307262,"Yes","Yes","Yes","Yes","No"
"3DaPk6TdeGnEBwTR8fEyZSLkdayk6vZXrqGZhAgYK8BV","2ZiMfQaT59j86HVWCvspuMtBotnVBeTc3BKk3kKpwgKP",126364530,142966311,127331760,274430621,152153830,"Yes","Yes","Yes","Yes","Yes"
"3Pfubj3ytkRxFAGwFb5vtacuZJUxko5Du39xie9MBXuC","94EhHE7MaKHq4p8oFADeyizDjwYwgFn1YBYGky8mR35z",NA,85779979,71889761,69473055,68678474,NA,"Yes","Yes","Yes","Yes"
"3RXKQBRv7xKTQeNdLSPhCiD4QcUfxEQ12rtgUkMf5LnS","BxFf75Vtzro2Hy3coFHKxFMZo5au8W7J8BmLC3gCMotU",241079205,289705680,202309497,685874835,220818790,"Yes","Yes","Yes","Yes","Yes"
"3Uwkpd9ZKxhuTDWKuiFbJee9Z1ZJPxpkin9476Bwc7Ha","4u1Wi5yANaD9ABmi8xpdUYGLQSFxghX1D6LfgzdzrhdG",142524004,112834994,122184137,167258115,144555657,"Yes","Yes","Yes","Yes","Yes"
"3ddX9QcC6DjFqPTysrFWtR48v5g3wJjB862sji4s5Tui","5ykxx3TJTfvkeV71NkJSMTdGMfTm6oV5vVA8bPkv59mw",81520590,66800982,41837234,47184928,33264342,"Yes","Yes","Yes","Yes","Yes"
"3j1dv2SP3xtG5vcqiqTSpc9C3h4wQnnzh3aqBcx6fU7h","3wnR7phx1zh7dDyRU3MJEGqrvTRZDxH44SykRsenKSbd",58893631,61681690,48763751,82951887,69955627,"Yes","Yes","Yes","Yes","Yes"
"3s97yjq2MhoPVPC3U9VeE3Z5S643Pweovg88ysvrQPw5","D3QPJm7BDzzPeRG51YZSEz3LfV7GvFNu9NkcibzURxuj",222793861,244447138,232411551,326430232,188504667,"Yes","Yes","Yes","Yes","Yes"
"3tm92VTxwyZ5MDhGoYR4tVTkwWYkzfam6hwBjauUACCk","4m1PbxzwLdUnEwog3T9UKxgjktgriHgE1CfAhMqDw7Xx",182190313,192466306,196833459,215128555,167563136,"Yes","Yes","Yes","Yes","Yes"
"3x9nibnhgBHWKMRiGnsXJELRBjviQpKyigfrXtKW27KJ","5afRnmkFn1pRU9oussqwk1RRBVyoDgUkL16Jz4qNf574",NA,NA,32461294,165370702,21044594,NA,NA,"No","No","No"
"43Am3PKFeo9cACpqYL5Sk95rpVdxLw3Mc22PqRqZXEW2","EBVj3uwSKZpqEb1K267JaPxDQhULVqCy6hYeQqjsPh81",183687512,330237010,172452276,226104775,245752183,"Yes","Yes","Yes","Yes","Yes"
"44ZDKo96gQR1h2afAA3oXgutUzHcRXH72RYxhtGxzWYk","FsMucSM7B5y5PtehabtQJjDrGmKcMEtwvt1TpSjDrcZW",92756797,111749795,94497040,97585997,14408574,"Yes","No","Yes","No","No"
"451X5rboJpJtXK2gj4dLsXv8yCGfujqus2HsYjMkkSpE","FqERCVEHjm9P9hghJwWbyN4TqwCCAYteeX1v6gBtt88p",41996848,35165824,21237614,13913421,19847292,"Yes","Yes","Yes","Yes","Yes"
"49j9bnkdgVNxLwsZ9h88sPR5MYEmsUyKrrJ6ZW8ijBrb","9QFvZhLvpbcFJTPkKq5wTWR2DGTXqrsP8z9igPgjSsZ1",100775886,79794034,75925293,170528730,83345630,"Yes","Yes","Yes","Yes","Yes"
"4CymATQ8a9qJUmCh5ygNFCePNQVgiKGkobvki5i45BiB","6VSu1wCkeugWdSB3ZgCCFSAttu5XTuSWVRD1vJVPVQXq",119306229,142259326,100848761,29033757,40252591,"Yes","Yes","Yes","Yes","Yes"
"4FpN4MBzrB8FUyzNKSxxXzSDWqV7o4HotaypJ8tF4tYg","Dxy5rr77bH8j34QupCLj6hMGb5UahYhhYfC8RE3jse4p",0,0,0,0,0,"Yes","Yes","Yes","Yes","Yes"
"4JTfCRjd6SzZdoKqdvStHvaKHBYCe9iENAnG4iDTrGW2","46Acpa1Md9k2Nxkr7Xp7eDRbzNt4AGXPGyzZ4fnJ7z8y",53073628,46252914,204626192,69052331,30440481,"Yes","Yes","Yes","Yes","Yes"
"4RLcStbSkt5S1Xm4mStup6N13PGyAfAWy7Vs5d7yJRnY","5ML8GpaqaZ3bv4nCKLRY8gb2WNMJkXinHwDwMWeNWjkk",145603905,123943188,98310678,128382257,109850095,"Yes","Yes","Yes","Yes","Yes"
"4SgoyAwN26iu9Gpf12Bk1rnzp4G4yDUM3XVv4w7VQcAf","sdo2QoiSsPknraeCts5GeBkV3AYDdtuxJ3VpYCS1CxR",171174206,175326472,110282784,137000760,182036966,"Yes","Yes","Yes","Yes","Yes"
"4VrjyXQT61WFSjuG3ehgqZUK1jqvYqB46veQbXLotq3n","FahWJg2PkphJaMUUCzdYhXkD5NngUuuFRFD3YCE3BSwb",92644362,90179256,80667031,232378528,72748322,"Yes","Yes","Yes","Yes","Yes"
"4W3jdXyqhLCjzA3Liu8ZNjViwrc6N9YjSB7obbxfjcKE","3hhEWRNAVzqRjmF9hW5nYkrmDMxKKzGziE11Sg7yk3iX",24312227,2915244,3157349,10893255,3630991,"No","No","No","No","No"
"4XspXDcJy3DWZsVdaXrt8pE1xhcLpXDKkhj9XyjmWWNy","9sWYTuuR4s12Q4SuSfo5CfWaFggQwA6Z8pf8dWowN5rk",244074129,336746459,258128988,236142109,187071466,"Yes","Yes","Yes","Yes","Yes"
"4YGgmwyqztpJeAi3pzHQ4Gf9cWrMHCjZaWeWoCK6zz6X","8jxSHbS4qAnh5yueFp4D9ABXubKqMwXqF3HtdzQGuphp",17106605,9899343,3862757,19316829,68678739,"Yes","Yes","Yes","Yes","Yes"
"4aRPyjsqqFsf5488a9QAaHJLQJMGwoL5P6wRtLmroe2d","8EVaZkBcoJAAyyRZfozNAnZiEopgPvnixx5Ja5PpVDae",177003433,194425187,123643099,119196661,96778050,"Yes","Yes","Yes","Yes","Yes"
"4b1onMDEasBh4BuPekQWijx3BYR64hAE1z2jJyeZUkck","6anBvYWGwkkZPAaPF6BmzF6LUPfP2HFVhQUAWckKH9LZ",98115729,86751817,786517381,140388616,65604066,"Yes","Yes","Yes","Yes","Yes"
"4guS5XP2wgDWecZGgvN5UQmV8iywTrKGaA7kv9hj3tk7","BgjQPDdsHeD9XXs7pYyHsmvKdkLR1A4SBNYs3mLmPUCD",153343207,162721599,109914868,274070738,120487998,"Yes","Yes","Yes","Yes","Yes"
"4k6wgP5WPBKQpsFGtzuXNrjcTE2fKWLj17nDvFeG5zSF","8zuMRTXThoPTTPLLvaiKiJshLLCqGMt9BdRjjCL19xBc",315071528,433060034,310823962,569393370,363844942,"Yes","Yes","Yes","No","Yes"
"4mzLWNgBX67zVwTykNnq96Z6KQLc8UyV5Q35EfVCDifC","8inoRcYLtHdDL1qHWvGph7pkJKuJdrE2kNkFpjcYaYHf",87531424,59717025,34342398,99131406,72256811,"No","No","No","No","No"
"4uH4G6YiD5G8rU3mtPg73C2Uqamrqedy3FboTZcZrh6x","EJHf5N9is5spAF5Kz384tTvTV3CwTka6qzUoZrYm53SV",235261367,286983541,208560767,432143699,189902808,"Yes","Yes","Yes","No","Yes"
"4vXCtYfPeracuQg3a67Zx4jvtJco6MU3LKip8ax6GkVq","EPrq1DvsWqX9CHBKgMU7gxvNvPbqRLhbqz2QzHcPFzab",82555887,106311586,59462880,316401381,47512375,"Yes","Yes","Yes","Yes","Yes"
"5HYjArGt81naevDdwMaEx8yeGNw9jYBSDJa8YavT9Mp4","4ibf8qJirtoBGg7gSD7V7CeCKoFB96PBYQ3J5QjSmAob",233105420,304532544,188116384,494045486,180027094,"Yes","Yes","Yes","Yes","No"
"5LNEDitSMhApT2uFnmtN7FmjCiGuatpnb2uU4f3shrk","ksQuu3JAStVXUeDCHeW6QtVRHNMcdtgPyepUd3Yshrk",26155575,32636092,9417004,93111448,12712322,"Yes","Yes","Yes","Yes","Yes"
"5N8rWeZbNWLJDYTohNfpH4JAXiPhnicVYKrucW1shrk","MWogB4b5RamyKE4mur8a8iRy63gZqyDfDF7ebDdshrk",10669264,4608053,26032659,37071836,31378488,"Yes","Yes","Yes","Yes","Yes"
"5N9r2ne7dPgHtzeHC5ETJ3DAueKQiXSU8KAmEZrrojT7","H7fXvnLCKtZqJBTipxeseabGfAZUdHJ9XuP6hCKrbvUb",8891735,12896766,0,5835298,12297201,"Yes","Yes","Yes","Yes","Yes"
"5XKJwdKB2Hs7pkEXzifAysjSk6q7Rt6k5KfHwmAMPtoQ","GMpKrAwQ9oa4sJqEYQezLr8Z2TUAU72tXD4iMyfoJjbh",173973043,259671831,226474664,587849410,171070934,"Yes","Yes","Yes","Yes","Yes"
"5aD6KB8g4MPt3xJafmMmun86hHMDnoFiGbd5gYiMFZw7","QWmexgr4teHa2ZF85tyf2hvEwBvJ6ioAEr1h8DRjoie",237265663,293363720,198546864,423046343,269989596,"Yes","Yes","Yes","No","Yes"
"5ghoFEVrsXeAPB6SUmBpZ2xq3KvHEjNMeSaBnxEBXkHV","J6KaKtLRj7eQGuVVL2CAz1AS9kDxsrmej9QbYkEtsiAD",0,5007618,0,5362020,NA,"Yes","No","Yes","No",NA
"5marvipGzf98hxnoJFXsZbGHSXcEQ3yRGJ4ps7D3V4ou","i6PZjkPHGYmPfPE8LsJuLn5huZyusXhmysiDiHGPjxb",63728672,109521801,104802252,180360822,68265191,"Yes","Yes","Yes","Yes","Yes"
"5t4shVsKnUqgjmhK3fFNsvyju2E6Rd7cc4S5pmqqEVEW","sT34kbaqmHWbPwjhyeG1GnjoX82KpXawFsnzUkzJpYX",35605601,40538908,8921652,4822333,41499048,"Yes","Yes","Yes","Yes","Yes"
"5ysfTZ42VT1TjnjzQShZSrix7wdVtjXwssocSeYKDs5d","ExYX8UKQTCf2VPtV9jbfqikeTV6tPfhzauJ896o91wtj",43762714,76822599,56661633,164953642,68300765,"Yes","Yes","Yes","Yes","Yes"
"5zm9g3zgAPWzX3wmUB2JtTkcwCqe74NWsTmt5wLFwCKK","4udPrmxccbP1NwDJ6vChFKs5qcqyjmQff6gsKXD1mdaj",345212792,405012301,269784476,283620113,247006901,"Yes","Yes","Yes","Yes","Yes"
"5zuNci3TV79w6zLoJZzbZujMvkVZb2FcSPhgv9aT24AK","76DafWkJ6pGK2hoD41HjrM4xTBhfKqrDYDazv13n5ir1",187923713,195517516,167091280,212021770,187315767,"Yes","Yes","Yes","Yes","Yes"
"61QB1Evn9E3noQtpJm4auFYyHSXS5FPgqKtPgwJJfEQk","5iZ5PQPy5Z9XDnkfoWPi6nvUgtxWnRFwZ36WaftPuaVM",205283257,145175954,108093152,155902665,110006958,"Yes","Yes","Yes","Yes","Yes"
"67joanjyAoVmb9nZLyX8p3Gx9tAxzXaUgHDe3kaUH4wf","9vNLTLdwAdHw8EdiZrLzDtUpm3hp7E2MGaNi6SmdfBGz",71529599,41935438,35737818,81104405,53993469,"Yes","Yes","Yes","Yes","Yes"
"6LCpzSkg3Ud1SpCnsYtmByWiiW6tcjSPNmJQmFGQcwaL","MENFRm8PpkP2QwFV3iubwiqG6GyJ4LZQ7f9k8DUE9Xy",3087745,2167717,948782,5100498,1600825,"Yes","Yes","Yes","Yes","Yes"
"6MiEjXqYksCtKnJpvAp3CAoEZnnWZyoSxu41HCzAYNdc","GAoCBDE9ABRYmhWUREDp4po4L8JgCPeQsPS77p1mx3WR",0,0,0,20940954,253673713,"Yes","Yes","Yes","Yes","Yes"
"6NDen7aDi65apHo8m1Vea4nuS6LyjQeM6pDNqcW4Q5Pg","6cvBCfFXugkTqgSFVPvzhoWaLbhHWvZfSsZadWP5rryR",54146219,80523162,74232500,81319075,82624542,"Yes","Yes","No","No","No"
"6PvHaibtZhuba14dzbhGFJRASYX3Ka2oviRzSbXV2wYC","HM5H6FAYWEMcm9PCXFbbiUFfFVLTN9UGy9AqmMQjdMRA",411502771,389197207,257027805,530444691,398903130,"Yes","Yes","Yes","Yes","Yes"
"6WgdYhhGE53WrZ7ywJA15hBVkw7CRbQ8yDBBTwmBtAHN","6aow5rTURdbhbeMDrFrbP2GR5vZjMEhktEy87iH1VGPs",985465117,1201229897,1016601398,1717225478,1044452246,"Yes","Yes","Yes","Yes","Yes"
"6YDWxPaJWpZxJ6JLGaBeTJaGQn3gi3Pwtivii9cDyDHo","EdkhvJYa3kWQkFJAPzmGsQyi1D2JA5a7vwWw4hDuwbt",NA,87358507,92750328,137877172,109726991,NA,"Yes","Yes","Yes","Yes"
"6c6RrC9TWNgiVXnbZ6hehNuhyh81pZK1yAj5w2nXZTwi","5eJQDSbgTZSEmH3zSWDEdAKgjavUUn9BkouCFNLz1x93",NA,NA,NA,41081851,11723219,NA,NA,NA,"Yes","Yes"
"6dpdFgXyTGFTQkefKNTx6qgqwGEQa9GE1msghJTZoxQJ","HVAeVitGdEinQZdKBMKRwALYEqrAPjAPjFA2LuqBJ4oc",NA,NA,NA,NA,0,NA,NA,NA,NA,"Yes"
"6dtVKjb6vRwNAekki2FXhKv8WTNzQ3xW6HWMCNWqtoDy","eondcw2upjH14EuvBzmn6HfGEGo8t9hG9JbXtPj6cym",94123561,146126775,41910892,30711596,22792932,"Yes","Yes","Yes","Yes","Yes"
"6k1YkmTKwPRUhChnxA9ryJmbtuQMbro4xFTL6mL9jycB","91413b9eEvG6UofpSgwdUgH9Lz4QBF1G3J325Bw7JwGR",80974782,91482924,114041107,128728267,57480186,"Yes","Yes","Yes","Yes","Yes"
"6mCzwUFcdTuz6fFJRA8nY1iXNRJqPpXU1PvCfANfVXhh","2juzdQw3k2udsuA2JfkXk4Aw4psZEAnnk4sBHzwC5ZX7",30767696,55513176,38045923,26131327,31425729,"Yes","Yes","Yes","Yes","Yes"
"6pVZhUW9AZMMFuNVMUds8useZHB7VFT4vvxuA3B9JgW4","4yk87cJbcWooz3FSScp8aEWVgNium4HR9UbnDUJpvXp2",131892693,181166506,180886637,202547126,189480988,"Yes","Yes","Yes","Yes","Yes"
"6qwYjs5vCSEKaTMBbHinnW8fvdGj1r8cpzPoAV1EHKsw","Azc2uttGtHsRLorfQzd7tsMNtfaEg7LyvVEMVtckPCNN",180277042,176941476,109807293,156557764,107023318,"Yes","Yes","Yes","Yes","Yes"
"6xFDLX751L7H9d5fQT9sf2SM5RWWE9LDgqz25pPDbWoJ","5CBkJdDPMWCmss3Y48B36w78Bgxur4mDib6tQ9yMKe1B",125050140,125953681,102850453,164512577,193282782,"Yes","Yes","Yes","Yes","Yes"
"6xUK9Nbonr4eoJNtHGoUEMmYKoPz5mipKzyDBv6deX4d","8vyuJTHSDkx7k1zymea4TMsgvixf3rCYBXHPDQajePkE",179141343,176120933,161939225,424150205,122496473,"Yes","Yes","Yes","Yes","Yes"
"73hojLdq1vZDSxeVQEqVFJ4iwLngdvEJPEpEHkSdv6BZ","Ehdn9LdjTAURQSMoDPERXLehtvzy7QD762wwPkzGT7RS",187205491,323480558,202882411,306396949,161776867,"Yes","Yes","Yes","Yes","Yes"
"7Hp1e6BrTBkbBN4wFiNmycPVPsjvyUUBL2tGhYEMT6gt","CwSZ17woioM2bqEbaswZJYvx5pemN6t3shBcU6zqPHyG",NA,NA,NA,506755312,235393886,NA,NA,NA,"No","No"
"7MTjmteQHhthwwTZhUzsc2dP4NBvGNRqj8jzdqNxHFGE","ENVaKoD7ytn58xJ8s5htFfQ8hqQt1G9dcPUDqbSwVcgB",103824831,185947243,121030383,261306896,124007761,"Yes","Yes","Yes","Yes","Yes"
"7Nn8qBJey7vXtVFMNBbbuN8UkujU8Y6nWzbHVGuf49yV","6SF5cmEXFFEmnFd5BwM4J6NkZhh3WfPkgmqdoAGjLLPX",4229004,0,0,0,NA,"No","Yes","Yes","Yes",NA
"7Nu9ckgtjobZ3MkbadGFKEvRymYuah9HmcxiUJKMM9NB","DPhzpiNGU9C6576uLsNSHmdi2AxwxpjMsRdh2iVC4TPh",66431939,41751381,42909190,27506506,39187919,"Yes","Yes","Yes","Yes","Yes"
"7PpXQgDb9eCHN1Uudgi77Wm89cRz4T85YgDw83qvaJXd","B8Jud6Mqv1FSKpjBM2hPBqoPhGMAciX2UqR9WcepDF7F",110435905,206075501,115191322,98675894,126008009,"Yes","Yes","Yes","Yes","Yes"
"7VZM7YHcX73TpGoXDeBu61g4QKC86GwAEnew8dA7Y2xn","HMk1qny4fvMnajErxjXG5kT89JKV4cx1PKa9zhQBF9ib",245970234,268900038,206591948,328695916,112570043,"Yes","Yes","Yes","Yes","Yes"
"7hMD4oMmGT4GsS4DfBKzJ75wSjDhgu2pvcazbvoKPrNs","C9pfCHG1zx5fTtmbsFwLG6yFoztyUVXoCmirUcCe2dt7",149879827,131599792,92945489,360752274,137399795,"Yes","Yes","Yes","Yes","Yes"
"7nzTzRZzezmugqE5ZjHRMxarhXunpwZ2PUdjV7uYzt7A","so1arJJbp9sis5XpovLyjTZPk8bDjfs37Meghi5wXbu",11581116,0,8585505,12440489,5970887,"Yes","Yes","Yes","Yes","Yes"
"88K3vd8E7f2jXBwfNspzAYXKZuS7erF1w2wk3qcHTSfh","EbWmbjxUrq8uifB4gCJLaxv7joYmsXL4qVpX26xYMFBh",17249690,48538111,23305989,43701734,100522974,"Yes","Yes","Yes","Yes","Yes"
"8AkVj5aAtJ27tYXeq89cnSf68V43NarFHMx2iSDjZv7c","CV7uvPY1Hk5Avb2NvkGJoUzGnipZrEZK27j5rQJoUae9",NA,NA,NA,93812288,66559645,NA,NA,NA,"No","No"
"8GLRbAstsabZuZUx73AoyfGi1FRCWSUhRgMugFyofEz7","7PmWxxiTneGteGxEYvzj5pGDVMQ4nuN9DfUypEXmaA8o",174789828,126055676,110554202,115289684,276138194,"Yes","Yes","Yes","Yes","Yes"
"8Nvaxzif1NrdvxNkRetjT8xJvd33EHkKVrfL8EDkgaNy","2DNGsVZ9rg6RvT8bY4SGmGvyiVJ4xt9RL3NDd6uhfN46",212582189,223472391,178632771,266235676,180626917,"Yes","Yes","Yes","Yes","Yes"
"8Q7K2irCbYfEG5ZWyBceiytbL1u977gXqw7UaHZ55Awo","3zEbnWKibg574DaGC1EA3zLNwBK6MGQxEySUgQWKBaYV",62077760,NA,NA,NA,NA,"No",NA,NA,NA,NA
"8RXYL85eGMyuUcBCMHt5owGvasySS4FYbmKTx4CqFkpe","AAfutJ61CwSB4Y1t5iBPVRRaq33nCDEot4WxbdQ6Bahn",69073019,130027755,91413739,117812715,84400898,"Yes","Yes","Yes","Yes","Yes"
"8S1VXBgZvCsjgnRAMvxknx5BKT7APb8rFhyRVeeTx1SS","DggvF7asrbjrqvcvPPRKovy3VVvjCgvc2GnWVusxq2MP",36520057,40399849,26364473,43359708,99112999,"Yes","Yes","Yes","Yes","Yes"
"8T8AJfUCXwPFwEMmjca8gCRSktPrqbUBVa6ggNyhLhFJ","DPsW8v7gkGUbPPRnraS5e163bDepd9tD537X9S231T2j",239350022,274793799,146565465,354899478,202281865,"Yes","Yes","Yes","Yes","No"
"8Zh5A5Hs6bJFAyWrLGMaF2VEUVbXFANtfuw7824Hd5XV","3P2Fq9v1NwtrVTnwPGj2qVdVwnSvuNovZJWGS7nRvoin",6680963,22062832,8193805,6632113,3805328,"Yes","Yes","Yes","Yes","Yes"
"8aPHvzVV91jZF948tykkoF6WfgLHppNfG8Z3V4gCrDix","7zKQnt19j7aZ1YjzBk6UUUdr5dGb65A36kW1TYAbB6b7",4814413,0,1818400,2306681,11748412,"Yes","Yes","Yes","Yes","Yes"
"8augxYLUge2iWmitQMwbcBL5VQEpsM6aJdRofhwpnzyw","o27rnqfNHPwHsRp2xPXXwWzn2q2dGxn6UD4Rt5KMU5h",NA,135544480,111955272,167862011,130712482,NA,"Yes","Yes","Yes","Yes"
"8hAYbagNt7CMBooFfqVJhBgLqLffpjXTWJMk8yybjJsN","74y2qkCaJ5L17hTsz3E8jftNxTBCTvdz4P2L6qTHDW59",301216950,333253874,224057833,712495600,384163512,"Yes","Yes","Yes","No","Yes"
"8n9KRHDRDuZErZwdwzhtsTFJxmHqgCQ4ddZcdk6GMzvQ","xSGajeS6niLPNiHGJBuy3nzQVUfyEAQV1yydrg74u4v",16859788,8410680,7808983,24685391,12964914,"Yes","Yes","Yes","Yes","Yes"
"8rWDbEsuz4UWF2ZXiHhMECPkTZm51YrRaQSoSz8RPz2H","8ZfSRfAuDLV86PaKSCNfgx3AU1w6Hp8sGrEgFTkHViCt",107103212,NA,NA,NA,NA,"No",NA,NA,NA,NA
"8uPW9msN75rfaKiwy8y8NxEX5zSk2WejtVv5YhZr3jCo","5daP6pZoPSak6UEKuRg2HHjvTPpqqwB113oNamGNKuuZ",118964939,155583186,94500046,187365751,105240114,"Yes","Yes","Yes","Yes","Yes"
"8vk6QpG93JSaQCSgnycBsv5qmfQBk4qC9FjNA35E5JhU","2ZP7DPXW6gwMRSY9PSXQ75fZLrk4gKWKnT85pK5sVPa5",303278418,297133750,299813407,382459681,257785811,"Yes","Yes","Yes","Yes","Yes"
"8yjHdsCgx3bp2zEwGiWSMgwpFaCSzfYAHT1vk7KJBqhN","DPmsofVJ1UMRZADgwYAHotJnazMwohHzRHSoomL6Qcao",NA,NA,167128647,153429391,181963228,NA,NA,"No","No","No"
"91oPXTs2oq8VvJpQ5TnvXakFGnnJSpEB6HFWDtSctwMt","Ac1beBKixfNdrTAac7GRaTsJTxLyvgGvJjvy4qQfvyfc",152721696,265415463,210883130,260294519,189857740,"Yes","Yes","Yes","Yes","Yes"
"93fX4gLgnUkcf3vmGBzuNKEt4em2tHxgmVcbq9vNq4jE","BJipnsRJCxgcMoYc7Env7ee2YASTtwLuyvD23AsJ3E6U",0,1437911,0,0,0,"Yes","No","Yes","Yes","Yes"
"95A3UmKrAmTuNJkjipBULk5wHopiFvLWfxTKmhR6AzQc","Eyy5wPPQQcuaEBQUfDmyHkRfeqfmd4n1xWZKy1CpGQZJ",18942506,5451621,1820069,0,0,"No","No","No","Yes","Yes"
"97jbhVBYcSmwGXjrx5PPWXucDsVBqwyoQ6rzP3B6eeMt","57GUg9QH2LFMV11oaduuoqVJ5qHDEp7EGJ2xgkGiqAum",52407524,25117512,25684986,74390210,53407530,"Yes","Yes","Yes","Yes","Yes"
"9FXD1NXrK6xFU8i4gLAgjj2iMEWTqJhSuQN8tQuDfm2e","2g2QU1NDRax6i2mKzRwgRfdBFoDkMC6bj7Zp5Q3i8sCq",205368453,190854663,187312241,270442126,187465521,"Yes","Yes","Yes","Yes","Yes"
"9JdZLEKhA7k6SxRQ4cJT2Zh5JhRUBJGXcjTNwMtTwSiz","7r1g7s6UjYuosRCHwedpGRCbJhZqM2LhUPxgoayRE6Rm",48628467,64069115,75698650,74537840,41570960,"Yes","Yes","Yes","Yes","Yes"
"9QA1fzbAKJicmRoFa9wFnYYx2PGYn97s8Nh6VojBMvCi","EsELtZoep4TYcugKyMnB4ZWZYxn99V5Vb1TwexDzFey",0,0,0,0,0,"Yes","Yes","Yes","Yes","Yes"
"9T6SNsBimjCRJpkEjiVsc8AcxTBa1XVA7RjnBGGfWP23","5cYwwC8dmQ2tvtjDueHrU2B6NvmTHmoimsNGeGXVbkP8",76720646,91195936,77390514,286211536,131418168,"Yes","Yes","Yes","Yes","Yes"
"9Wmaz9VPpEnH67ZqrvYd9bcH66DtsGaEKcSQE1ac5wkf","3Z1N2Fkfha4ThNiRwN8RnU6U8dkFJ92DH2TFyLWJf8cj",226958871,186201521,117247681,345118873,107295270,"Yes","Yes","Yes","Yes","Yes"
"9dH6wfdJVgnDcbCUjT8rkmejAzTnGQaFarmLfvBYXANK","GakAanHMN4dYY8rMKL1e6uUKjNJj2nN2sENFaxzdMEBm",60371854,100007135,102276101,421891641,92485921,"Yes","Yes","Yes","Yes","Yes"
"9gFxqsXbFyrKXUkqpAatonn47uYZ7sEZSnMxhzQoXrUJ","48oxpSHQkM4sdXUY9NQ8KnEtebzZbyk8uUT7JRdVQNuf",213827021,270382429,159394906,189350220,116850401,"Yes","Yes","Yes","Yes","Yes"
"9maF99FLLAMh5v5JKG1ZyRZVBVsT5VkZnAJzDvduCpJa","HvuXZAhAqSekCFueQ92DqxhuFvdBRrWeyA6uea6ZaS8q",210174918,196595839,143470789,138934294,105600998,"No","No","No","No","No"
"9q16BB7WGmBxf1nJTdxH5zPnBUhtHqdqXqRFjSjuM4k7","GK9MfwWEK7BvMS8eQDaiEPnKcqMJoS7SKUiEBQY2pfxC",21014859,26978246,11242222,52786996,32352671,"Yes","Yes","Yes","Yes","Yes"
"9r2CsyjRTmTRtu8GFk5oJRSQr5YfSENxDkf3eox8iPLa","2iWXwF2Q5W6o7yntV2mkbxncB4rYHnX61y3NU8a8EFMJ",523159879,729566084,398229142,1004434561,413164059,"No","No","No","No","No"
"A79u1awz7CqnxmNYEVtzWwSzup3eKPNW6w2Jrd56oZ3y","6UDU4Z9TTbYy8gcRKBd7RX3Lm2qMsSR4PMuzoyYPzLma",65242221,63637422,32573576,75982324,39733677,"Yes","Yes","Yes","Yes","Yes"
"AB821LfpFBwedJEfoNFZRsiPvcSxXPBNMgjyGC7RuNfS","HSjWikZVP8JmNUa1VqZuQuhQzkK4WrBmiJn1VVEtvuZQ",108490911,102607601,166503877,313777569,223210521,"Yes","Yes","Yes","Yes","Yes"
"ABREU5YkQcfpDZymoQ97iGUgQcfgjctWUUxEMfumiPdV","ABREUtpzkkMiPHrBebpsYDU3mubtSohjDKZbyRoTJLae",15147530,34913601,18115589,20859796,22177806,"No","No","No","No","No"
"ADjyeNzWd8yhEjCVyAqT87eqoyGRbimERQsNhFQcXjop","26RGqX3mezgYDxJnGh94gnMM4L2k9grH1eWcTSCHnaxR",78095279,107514899,97005892,97119312,119400410,"Yes","Yes","Yes","Yes","Yes"
"ALp2GdA1eJV8vZHMHazCtTxNXe3BLUSco9LDASgjDs8R","4tuMshQNpAFpy1YtEHnSsE5EPN1mAT8FevWvn2UPJHNM",192989832,256632449,231415452,190496734,122723948,"Yes","Yes","Yes","Yes","Yes"
"ASTERhckBQwAM82EQm2S2ivVcQ9mHQHZQs5u4BHMv6JH","AsteRZiiAA8uDXGszREgCMgKTddmAb59XGGHsELfNDVi",7160466,6659822,2127513,3905986,0,"No","No","No","No","Yes"
"AWqkGtq9rgpMDc7pTKe62aJuaX8ZvrnZxCpr8nfpDSCK","4VvZyjDj3KNYNbjzgaG5GxX4xeLhcFV6fA6BDPf6dLy4",110518275,221384439,81026627,187783815,115305840,"Yes","Yes","Yes","Yes","Yes"
"AdSHK6vpQnwHRSw7jXUwjMEytmhFwnynZSENhvpAxL1y","9NZ18GkTnXZug6eXAzpBsmyCsYfAJ7mL9bgUfSJDSAKr",NA,172930093,58183893,37891492,37091385,NA,"Yes","Yes","Yes","Yes"
"AfZTWYoFQbzqCMmUBTD7XwxFvjob1FVyCvkaXRryxtKc","86Sw9R6ynPmXnHfwUWinXtq1QoF2KHesfQQyZG5r8sXo",173739973,135324979,261501401,184447815,83665952,"Yes","Yes","Yes","Yes","Yes"
"Aho3hF8mqLmadyJdUFpoGidyo3fYAt3ALm2QpAo8wMX","9FNVvTw3kPyb3239RKakAXUfkmZzi5TDnH4hdwksRBig",88254651,144711985,72952731,91914135,95712687,"Yes","Yes","Yes","Yes","Yes"
"AhyLPwqeE8zg7fyFjuufH8k7Kq4kNS2eARRq5EKNGRcT","Hm2uPQbdNCRjiwSJnA9edrMVC2PBUPa6qBWfC12RHx1B",135667280,195152443,105096594,282384159,178950465,"Yes","Yes","Yes","Yes","Yes"
"AjGby82yXeYgj3kmng9y3c4nQpZFmiPpJKecLJTHbfbP","6D9w8FRw5EFr5qtZEphPpughN3W8zc8p6zMXg4PFuaXL",28690110,46188086,12993310,17544563,19234255,"Yes","Yes","Yes","Yes","Yes"
"ArMBx6veRq33ffEP9sxHafiPRgrtzww4XvbwZbSMfXiM","GW8GgoeBpLM4TpeR2ePVcYYSoySBaKJgt2JiwoyjXRz3",156974645,114041952,163146932,220509769,203116509,"Yes","Yes","Yes","Yes","Yes"
"AsMpvJ3DZ2Ydu1WTRMAyMH4QjSLiUG39rKzfzvtE1bWr","B1w6SZcyvjyp6zEyStcc8u9AxXAh2AbYvNzMmP9rRKE9",90914055,97598490,58560161,255060710,128322805,"Yes","Yes","Yes","Yes","Yes"
"Av8EnYrPBnSJHK5e2wmTdnCpSy7nzmBgyFaUKSyLnBfe","3QPGLackJy5LKctYYoPGmA4P8ncyE197jdxr1zP2ho8K",205324787,193008136,172555315,246996124,154888090,"Yes","Yes","Yes","Yes","Yes"
"Awes4Tr6TX8JDzEhCZY2QVNimT6iD1zWHzf1vNyGvpLM","DumiCKHVqoCQKD8roLApzR5Fit8qGV5fVQsJV9sTZk4a",5823855188,13656874912,4869191433,8555442308,4942104846,"Yes","Yes","Yes","Yes","Yes"
"BANXwrLTkNHL6vTpKhXn86ySjnbwwGyWf9ExGgwZoiSD","BANXFioM7tuFqDyKp5zkZzfQJxBCRkhZeQj7sWNPYfRZ",4699350,2299998,0,0,6122394,"No","No","Yes","Yes","No"
"BCS95L5JHBWHvWkcEJBEF3BH5QHxKcPeaTgoYmHLvfFh","Hx4UJCvf8amGeuW9fPFfTckRoznDHxPSYiU9HuUSZKLT",NA,NA,224444683,255311029,132503107,NA,NA,"Yes","Yes","Yes"
"BCjGyexo1i7qpN9CbJ9Zt8avWr4Lb2JRtcm43sJvsgQK","7rwEPPMQgHr3mn5nQX27SADt3tR8yucBgsNapYdrqRhB",28595577,31765049,2174602,8953300,3971369,"Yes","Yes","Yes","Yes","Yes"
"BFMufPp4wW276nFzB7FVHgtY8FTahzn53kxxJaNpPGu6","7K8DVxtNJGnMtUY1CQJT5jcs8sFGSZTDiG7kowvFpECh",269363072,325972082,185628466,199165031,133471791,"Yes","Yes","Yes","Yes","Yes"
"BM2vE2QqkB9fGtC34WPtM8drbgta13SBkhRq6dRG9J4J","8r4Fu6M8brgnL456RJfwxk8kN4iw1LgczfuXeuG1g4px",468671749,544240731,372532718,664477979,411150420,"Yes","Yes","Yes","No","Yes"
"BNtHBLo1L2vAG7PBQ6mJvWz7GqVPxBnioXsY2Gjtubrg","ErvMUdtMC7AX55zKdYSyy4DnWNCrTsWn5GwprSG7ocnx",172442704,350696631,165546644,568223005,188815949,"Yes","Yes","Yes","Yes","Yes"
"BPKAfGkkzF5u1QRjjB1nWYYbPMUCMPJe1xZPmwEMNMCT","9Gko8QZBbV5SrEvHKtQHcMrGGSfgFP3KJUozEGifu25x",135517821,208117379,175760191,326888207,212632690,"Yes","Yes","Yes","Yes","Yes"
"BR1aTt4ZZUCwWJDkSYf1hqkYJjo7Mb7Ar8iVTkeSwUB8","AbacusTT3yhEFEKkQKjGStDhKDnvSFGpg9EqBwz8FnDF",124783557,167233471,135182018,264234489,156030031,"Yes","Yes","Yes","Yes","Yes"
"BSMe78Jk1BfeJDdHQj1aXVjrT2aMAYidyNAGQsTshrk","T6bpj6H6fr9GyKe73DcNjPbGeSk8twDsiNcU4srshrk",24216525,14494328,20175075,21083884,14987372,"Yes","Yes","Yes","Yes","Yes"
"BSNJGveGPVYzdt2bhTh3YfqbzWPH5Sq38zT1Br88Pn1N","FKU3YWq3AUuN2mJVR2pJgbsVQHdGeaK1Yj1iMBhJugd1",38629469,33510292,28726102,205799384,127514383,"Yes","Yes","Yes","Yes","Yes"
"BXoNGzhaW2R71avxDbMofBTnqH9FMsQmXVAXR1Xshrk","1iD1fPWCyr7VmEwZ9ShtmiK98D4KTSSwXwbA3CDshrk",16880707,25205542,6559169,27747915,13334596,"Yes","Yes","Yes","Yes","Yes"
"BeRtYZnaaZLFwYQRPaZcxuuHBmyFBSGP32C8Ls5xnrZP","BeRtYZ7SVQozwTby6ajQzrHtKYkn4qoKyRfb3NDAedtA",16384480,10765761,105421213,24829966,14247396,"Yes","Yes","Yes","Yes","Yes"
"BeaCHioStqCEFDFxKwAEzyrUPYxqnBPhJ98gDKeEiTPb","BeachiopjxQxL7CaHNSZsynApiZCKx9QFVtcWNz3jDBo",525716654,561538652,336744245,852850917,390658353,"Yes","Yes","Yes","Yes","Yes"
"BiU1DNow77wGwSXW1bLmkcQe2cuySpkbz7xtbitD9Fmk","BiUSTKzDM57pkf52SqxqckEk4ap7d25y2GB4GLXxdgj7",136595188,210675719,110859047,343243565,277414227,"Yes","Yes","Yes","Yes","Yes"
"BoNKmNCGvoHS4CkKvYRnF21iEpUP827pZjhFGdA4t5as","BoNKvwirX136zCjcnayEM4W82vn13RKkjm1Sy3UPBdim",279349082,272955062,256544166,359029294,250511072,"Yes","Yes","Yes","Yes","Yes"
"Bs19Z9SokV1s46jutN9tqqaCgYf1GsVyyytVfkzwn9qK","5frYQSynysBe1akCVK9tNBJ5j8jgBgUsjAXAgqHxvykJ",62833464,59496699,46650908,133380866,38861065,"Yes","Yes","Yes","Yes","Yes"
"By8MseMKtZQQaQjMHJiyetmc5AC8RZZv8C2ss33ktrHt","H1kyn75BFTXr8QRmToRRvuEEmYan5n6M5APyfhMLau3b",192264352,187610152,107413679,295846743,176698475,"Yes","Yes","Yes","Yes","Yes"
"ByszyWdqC3rVMWy8f6jwK5cmwkpwYdwsr7UL58xS5vnm","DG6fVEB2Qy1jntvHVPui3R12CMqcwNNnjYPYdsbQ9ACP",206481073,324524244,228006553,340936904,151403152,"Yes","Yes","Yes","Yes","Yes"
"C1ocKDYMCm2ooWptMMnpd5VEB2Nx4UMJgRuYofysyzcA","AS3nKBQfKs8fJ8ncyHrdvo4FDT6S8HMRhD75JjCcyr1t",1472941095,1848898513,1334544151,2465594122,1159293710,"Yes","Yes","Yes","Yes","Yes"
"C4bgengueVA9cRcprjutgu9XgvgoaaFnCqvpZaPy27xx","7DCb5VuNx9XFqsaEgERyb5mwwRunDNtLRudCEoqhcz6N",9383790,2434385,0,6780282,0,"No","No","Yes","No","Yes"
"CARBN9PY1Qej1aCg4885pfoYH8EHfjWuMy59pVa48ky","CarbnAxSfvsBdp6otKtoUa8XmUaX9PcsGq6R2WqZMuw2",NA,9820246,9140588,40483528,12039138,NA,"No","No","No","No"
"CBUGET5PnvLc3HvEeFYj64iTvdKhYV6pujTPDdDh785K","GuxBSrv5jnSwwPepkqnmkM7YCBSakKanbnw4BKMdda4j",33771240,58529495,24898216,22035834,25461340,"Yes","Yes","Yes","Yes","Yes"
"CLsFr1KZVbAyz16iFpwg2e4hiekR1unpwyxfNdjBMaoE","9bb63m29Xy1KiWqijLs3f8adTE4KcSmVkt1qPxGkbkna",202998974,234541204,159081711,408584229,182909961,"Yes","Yes","Yes","Yes","No"
"CNRyYnXZjryxNdSUwztdmVFVuQPXvugQ1d2wtRTjjTb3","CCknLtNpJWNzq2cBrwqYxXR9oguZmaXtoMQQQDCec2xY",69109775,68238165,49797658,69629579,56783798,"Yes","Yes","Yes","Yes","No"
"CTwsruptUccEtZGNxBDbuusHYxkBX3P6ndrxVjSG213y","Fhks5gukimP6vxKYbRY4V1aw888EgHhpdDSscD9V6bub",134495833,179337033,141288009,204614263,178294958,"Yes","Yes","Yes","Yes","Yes"
"CVgwMrWo9chKEuEPCe6Za9KJe8jamnAcoeWzaMeNubr6","F1wBgGku883aGGCQYMQFR4PmdJ7faej3qKSk8xGCycP7",72591099,67103714,77597576,144847022,42372104,"Yes","Yes","Yes","Yes","Yes"
"CZanBzZHFzrGY5qKzaX3CNhJ5smHEMTWFFnoeUi4J6dr","GzjMbJQDVuBLFY69QwhhjDGDy2o5Q6nswXMuVTCWEFnp",81809768,81480719,57345567,174592810,103756437,"Yes","Yes","Yes","Yes","Yes"
"Ccw4n1JNzcjdEUTYorfZPATWHfmBKV7BHnJ8YDyzqh5s","F2aGhv2o1j6zzBPrfdiXuSSek17nPwXqHqwKMdW8Rfxc",141489566,150700545,92523281,236883351,109401938,"Yes","Yes","Yes","Yes","No"
"CeC95ByA5rd3cFELBgK5nx2hB8o7FynrB2ciNNwHYEib","ChSX4mV1H7AjC3Bzc4cozkurEj83XNpnghent654hRgV",46084752,33300131,25737083,89261374,34305249,"No","No","No","No","No"
"Certusm1sa411sMpV9FPqU5dXAYhmmhygvxJ23S6hJ24","CertusDeBmqN8ZawdkxK5kFGMwBXdudvWHYwtNgNhvLu",830059173,942248380,676172084,1167108548,753476503,"Yes","Yes","Yes","Yes","Yes"
"ChB6C6dmNujAi79XtQLPKLL5SWdNLMShA7KKnrMMFF52","kWEiSEQZMeLAbMUiz1njRTZEjuSpJDCgVynB6pJHpcr",55201020,13178489,32765497,331592629,63911099,"Yes","Yes","Yes","Yes","Yes"
"CiR8HNCfkjtcongPmP2DRdZPnFgjSbN5gsXdjmsXXHcB","7JZTyHRTmzHfmHH89uT9xKSKDVJ1VnNQ1FeTeM4iH3J2",49584519,44334430,48701646,51397628,56769496,"Yes","Yes","Yes","Yes","Yes"
"CmHAicGXp6boDhgp7Kb1JbPcvf7GstyK2yMyMxZY2pKU","BKccvpa2f5McCLjE91pSGzEY6Ac5sWm1jmHy5QmZ1vTm",39001130,43461946,20764723,51313598,69086425,"Yes","Yes","Yes","Yes","Yes"
"CpNnGGhgVATJAbzHUXdrcGfpPiGuZyPka4QUmH7YgavX","4qvFxnUXYjBdcviCwVV7gKcGJMCENEBfS82hSLJUhyvu",50798504,68430407,74106521,112808200,77035462,"Yes","Yes","Yes","Yes","Yes"
"CpuDNi3iVoHXbaT8gHpzKe6rqeBasoYjEKi21q7NRVJS","2QE9X9X4tdDUTYic1DgBBJjU7cWUNPbKYGerCb9KqDQN",155316648,129785371,99127668,155342228,141083832,"Yes","Yes","Yes","Yes","Yes"
"Crg1X8FftV44NmwfFvgREjanBQmyyS7NEu6duLU7Cyy6","323d4ZiSqS1PwGwpJwD88jNPaGqkm7YYW2tJt2T8iFzo",117163812,97809245,106705925,556737207,148171085,"Yes","Yes","Yes","Yes","Yes"
"CtzN7ysR5rX69qd168Aosbuc83mPozhi81bEHbG7ecNP","CtzNnqzSLwNtkzi2yEWvq4w3GYQ5gSpCagqFZ5TbdSKb",53820156,35700485,54969517,67738809,62357530,"Yes","Yes","Yes","Yes","Yes"
"Cu9Ls6dsTL6cxFHZdStHwVSh1uy2ynXz8qPJMS5FRq86","5iJDEVRi1nMLwKAWhYbEokZnvBAe15rgFaHGkggVEP9z",325480489,429976778,325121560,974217060,279227576,"Yes","Yes","Yes","Yes","Yes"
"D2RV1q6FgePVVjrMa7AMzVbvvAeg5oS7TAV7qdNKSDsX","CCxSNvJogH6LWyoiEbG7JfcWybw2FqqCExs5GuemChGr",251686149,222520742,218762243,403361678,251260033,"Yes","No","Yes","Yes","No"
"D3htsc6iRQJLqCNWcC2xcZgUuvcd1JT8zoYNqraNcTQz","3xjfK9C9YNcta8MvK1US4sQ3bc6DEjoJoR3qLExGf9xE",232192053,291179489,226732918,249989144,193652705,"Yes","Yes","Yes","Yes","Yes"
"D4ujBcx3Wwc6rHhx1DFdTZL7vfDJDE6Y2BvRfE8HovBF","7y4wStv8XxUkuBgwNkidfxdy1V6TMYr4UjaTDwcS3MUr",43586883,59523635,48537046,39077006,51234172,"Yes","Yes","Yes","Yes","Yes"
"D6uUDTEgXDf1yzLuQfFFCEKF9a2Ri5trFAWwaUpKB2ji","HXnHzBUQVZAmovjMb7vbm8G53XS3W4KVrzpF6jiozrJ3",157718621,130424167,99285402,124530849,93219882,"Yes","Yes","Yes","Yes","No"
"D8kuk3qEiVBGwYkuMGKfBDwuRi6jjRkzjAZg45fdaRLx","7X7oVv6K6wawMNzVriczSAEk18GzqyrYrvqyJbwLAY3s",198306838,178371832,211522586,273316215,190981102,"Yes","Yes","Yes","Yes","Yes"
"D8xKNftHzFcCekENuTEcFC1eoL9y8wNHEg4Q5z57KK4e","4269foF8CYyT8SynFSYHiKFzHva5YL6PoAQj9pH3mQmh",191455766,72683107,169615999,325421074,252687029,"Yes","Yes","Yes","Yes","Yes"
"DCKyEmMENQMtLXgbmUoHRmgP9XdJ9HsR5WxrKnSDCzKA","DCKYVqFDwUs5m2DhW9muK2EX86pootvWD8wXA4nSqDxU",39530179,21491770,24737869,87198373,112624300,"Yes","Yes","Yes","Yes","Yes"
"DCdTPyDbXNHrmdv4ZyPPzEfY4mPAqH4hDPtowAteoNgv","DSzLJLUQD55sxaCsJBHLFSV1SYngMmT7oY8rLpFhyGgb",125934591,295550806,205269761,162121896,91057592,"Yes","Yes","Yes","Yes","Yes"
"DDgVWafunwNr1YeJD89SWqotXuwjzyvZRmpapZPshrk","MkyLHecSHN7TBdWgnh2J8KCsEHnsqqbVYSxtGmsshrk",29173842,15976114,9324756,NA,NA,"No","No","No",NA,NA
"DEgenZMznWXvg5YHaZM75arVTauV453SeXX1UrxcGNup","DEgenL35vQWg3pE8rvY2vJ2SrmpMsXMecu4PmvJcCCJv",43978688,44166245,24042577,25842690,23528244,"Yes","Yes","Yes","Yes","Yes"
"DKSy9mQn63487j7oXHxqmykLEYUA3akTHm1QNPgDLGN8","9Q1cWVFNc4UgU7dyFy29mUyeDnNZWSDaJKYVAR5jLpaK",24620077,35052135,10368617,72837817,49980489,"Yes","Yes","Yes","Yes","Yes"
"DTELykegBxxEn9c15GbH1zbYFr9CFd8VHQnhTGfz5JLb","DTELA4aHtJB8zcMJvKgcUjAYfkGcKdRUN77cpFoMVgxz",18366423,25626047,36012493,22698478,23960104,"No","No","No","No","No"
"DWGupvBwXjUudG1fPqtcuw4qe6ByDzzLhnbr5z7RGWsL","7yGMaEA2HBLKJzLwXEMGg2fJBffZwMhVT4oQgqhJUP5N",158194730,159428195,84237269,35177987,17009385,"Yes","Yes","Yes","Yes","No"
"DZVqmD4QqSWM2gUyEXdQhvt4u3NZtCRxdsn2n2nNiBRL","DZViGjfD4um4GQaNEE1h8tmWtMpgCW6qcvPBuHCyLwRX",10544844,365794567,258148952,309419047,209803533,"No","No","No","No","No"
"DZVySotZvrvJyVAcgjFtUDm93zoCaq9wBruMAUz83CWW","DZVyygR326SerwzVivgqb8REnegEyU4teMkGQaBV6Bpw",0,375197135,358982444,134149095,114020801,"Yes","Yes","Yes","Yes","Yes"
"DZv25oNCWFvGXu9tH63BiAXvG94syweGZhbvdN3HxDxT","DZVSbEJQfAFftodtveLseuzc1Beqm239usKJhx9TiBRL",0,284414769,193293108,117657498,110297201,"Yes","Yes","Yes","Yes","Yes"
"DeXsDvvZzKhVux4YfDFE6p4acJLGzr8yKt5pSTjzZB8t","H6rbcwuQtadcv9JvxLM7GEskF6xFXnrNT3iPkk4RfyBE",202618303,223370835,186247449,298923958,218110046,"Yes","Yes","Yes","Yes","No"
"DeepM3FDWaAb7o53rvyZk5YvHLG3FvDiVXJLRY78z51p","DeEpSdaw8uBLQ5T2HQhDf8fBSVbm13jGqJwoSF3HTpL5",94004456,97433733,67919154,55703188,57699825,"Yes","Yes","Yes","Yes","Yes"
"DefiihS7gLkj6xLjjhcr87bFuwpVVNYpeNBaBeFe56CY","Defi89YpAhk3Gst1Jpsi3Nhj7yCu5HropESh37SQ2v9g",36430904,47864968,21207851,24234644,56807034,"No","No","No","No","No"
"DiveRaPKviyDnQyiiMFdV4rujsCBJzMNvPjKfvGNLGvL","6hcGvZypizjf6PPsxboshZHRqefyQKSG9L8vZqYdm7UY",66925271,96933904,43794557,61318159,90958944,"Yes","Yes","Yes","Yes","Yes"
"DtY5Bzxd75iWQRvKwM2xLUxqwLT1RRoeNwmVvgS2JANA","BSRRvjdKd8SHApi3KtTGbzrdhUojitiwAt4xt4nAxbFh",50026413,43181434,32709558,71469761,14661526,"Yes","Yes","Yes","Yes","Yes"
"DtdSSG8ZJRZVv5Jx7K1MeWp7Zxcu19GD5wQRGRpQ9uMF","CvSb7wdQAFpHuSpTYTJnX5SYH4hCfQ9VuGnqrKaKwycB",8127855334,8329800684,6228687118,10904693975,6677163765,"Yes","Yes","Yes","Yes","Yes"
"DwGEK1ZSC5SM9e7Tkts5hLpkUffAsFUcqeLr2zifaXZi","B7Z2u3Uw4xvu7s9wtBiV3YmWdr7vEm3r6ZL2jytxQvtY",140580099,162754150,110996942,420096477,225028463,"Yes","Yes","Yes","Yes","Yes"
"E99w1XfS4UNM1xUKXWEuDmj8Mduy7u65jm2NCULTspSV","EfnywDKqArxK6N6FS9ctsuzNdxfx3pzfXEQE5EevQ1SV",16656287,49074638,14163557,41920172,38052435,"Yes","Yes","Yes","Yes","Yes"
"E9hD3ikumJx1GVswDjnpCt6Uu4WG5mz1PDWCqdE5uhmo","3a2onvgTpGynakAQwx6gigtSeL7itZewNxqb5JiAvWeA",138769455,190172710,125628033,281190192,153983342,"Yes","Yes","Yes","Yes","No"
"EAW9vxqogvdPNapq7QTDpiVTHK6o7begUhPVnf854VTc","DyDjFYB6i51FMHQvB4eKSwGHmgMxVf1i3FWwANAngqyY",91337634,123203159,65302137,96082915,80699124,"Yes","Yes","Yes","Yes","Yes"
"EBk678aQvc3cUkfGyoehfw21JQfJXjmWuBeopYc89RSV","EtMSc3MvcDXUr6ChK5GxyFVwTxYA3zqP5XzjE9jwKvSV",112366186,153270134,115586770,339056239,110359330,"Yes","Yes","Yes","Yes","Yes"
"EKHuz3Ag7UtYrEeterGVFHwYWDn2d6aXjnAAf2d5edLh","23utbQdXgsucDPTVcaRQiTZMrKPhQ1nmg4iRNdHDNwTb",33321131,54965655,14521320,77075002,44519491,"Yes","Yes","Yes","Yes","Yes"
"ELE1xBTfmHB7vuhSH94q23r6j3tuvTXYTqgm1u4uzMLk","ELE2xaC6i6pmeu7bfrYjBv4whBeTAbgwcg5hf2ythiBs",48916310,47054964,53722680,100678760,66510833,"Yes","Yes","Yes","Yes","Yes"
"EN5F2BU5juUEWr9zRNNqKuQMi9zBUY1YLPHV5EyMrvnW","9ymU1ayh9mZVyDL4dUUtXKtX1wCaFNzZPGutLJgqzuC1",101496669,103275537,135483531,282773238,111654838,"Yes","Yes","Yes","Yes","Yes"
"EPFZFVrXuveEQar9LaEkt5kDRPMnbvK54qu5FwCxpkcy","1oH9rfyrbKoP7ucJ1Zr2HLHmDU8N6G1G6dEuruFsSqy",26460424,23112793,15710812,29906353,6702947,"No","No","No","No","No"
"ET6sihELJYJeiQ6z3MdpSnbHWPPJ5FUFjZag1BtxVX6e","5csconnhG1Z2JBGoACCiFyrhCg31pAecXa3ugymbyMw5",186469485,318525231,114243316,269535794,166588633,"Yes","Yes","Yes","Yes","Yes"
"ETcW7iuVraMKLMJayNCCsr9bLvKrJPDczy1CMVMPmXTc","C616NHpqpaiYpqVAv619QL73vEqKJs1mjsJLtAuCzMX6",175592731,157799507,128774836,465302450,170863103,"Yes","Yes","Yes","Yes","Yes"
"EUDis6LJeJzDHTEBgfHGQyjHp63XZkGkx4E69xunC2Ej","steakxfubt37xYdvuXz7BV5Uhhhk1FyJx9zGHfDcTVr",114190806,111817978,131547317,111912846,64434405,"Yes","Yes","Yes","Yes","Yes"
"EWARp8Syq8cTWGWHtP5LT9fKAn5GvXfSCH8LfAwpgQ6m","4BVYjw1ztUzUPsxsaCheWWwThT2X4rjogZytGnuWPUGg",43149379,78721626,48230446,199857246,52588758,"Yes","Yes","Yes","Yes","Yes"
"Ec2vpRp8HsTXndg25eBNJTQcQxTdEbhutivLQQLshrk","PT7kgZzgqUzbkHnQ2asoBtA73iuE69JsPkcKsk9shrk",13818774,41056115,17281823,8718609,27734224,"Yes","Yes","Yes","Yes","Yes"
"Ee8dX3qtwrDRnxYK6NGQfmMeKT3Qpp2QZHpxiAiw23W9","5szskKdH8nfnUuHTvn9hnhH3Xuvo7RVmcDDvD5WD7yNh",156306231,201260632,125494743,221603836,113400922,"Yes","Yes","Yes","Yes","Yes"
"EtoMApqP2h1vVm9XLTTp5HERNezm5btkqrdAGQ9fZRnp","7HhmcAGzjChFjG1qsN4Y9NPgDWfytXXVA7ZRBWE7eZc3",135711876,238272166,132556811,307296201,240794244,"Yes","Yes","Yes","Yes","No"
"Ettghfhr2kQerqAyGUuifFtBX17QecRe2gwpUZTAbZuw","Ay5AcULBRJznGEEaGm2mWziRbefETRjdfZ1kwsoXS9u",24840515,28424226,34002838,17903912,33175719,"Yes","Yes","Yes","Yes","Yes"
"EvnRmnMrd69kFdbLMxWkTn1icZ7DCceRhvmb2SJXqDo4","9QU2QSxhb24FUX3Tu2FpczXjpK3VYrvRudywSZaM29mF",5295666856,5919297098,4796003275,8545520030,4499579032,"Yes","Yes","Yes","Yes","Yes"
"ExCHWgfeJyKRzpfryiQn4W6aYaWhbSAEnsoUnBGNqjWD","ExCHgw3CfdZTbsrDA2phe95jswV2bDr5oSJwyKJKzEdN",28095476,61164102,27783169,55216665,38293535,"Yes","Yes","Yes","Yes","Yes"
"Ey3DkEVbfBxfWmkTsG7Hqj7jshYf5Zx9H8462Zjjkykf","GA2t11gJcmuZ4y7pShTzgYDkxVaJaVQJqkVUqojhPPsT",295686626,369453051,231099022,667749903,190074437,"Yes","Yes","Yes","Yes","Yes"
"EydLxzdWfD434DDxZYXkTcajvK5VKH7p6CofEDCRUkJ4","7Eg46UwGgsufXdd9C9kF27UAyD2t4VdmCdVTtPFoqxCy",201775050,218359502,155022129,239978957,123048131,"Yes","Yes","Yes","Yes","Yes"
"F3dJbecT56EoP51Awv5RXtVTv498QNKWrUDu3rQ5srvY","4GN2gRpWbtx7REhN7gS9AsEkZy8QmA5xv4eTGiGafGuF",106520035,134696441,125551555,196241649,102263895,"Yes","Yes","Yes","Yes","Yes"
"F3tdN8SoakjEPb743VY18YyKJWYHo6rojV3nkas5YJh8","EJ59wFK3qPrnsFFSpZ7jSwCnXe8hVQ12heXYUqry7Muc",197573092,219772533,161429097,191744263,179962500,"Yes","Yes","Yes","Yes","Yes"
"F5CRSKK34yQ1G43WnnP5vy9sj4YxthBWM4ct3wGzaB6n","tssGAMwuwFBfJbPeyXTzMvGekdWcVi72Nqg1qzaabEM",165028954,170942527,130187636,325468074,78037229,"Yes","Yes","Yes","Yes","Yes"
"FACb6bbTDRBHCK999V8ox8jga5JBnt1r3vvzmAYAMv2o","FACqsS19VScz8oo2YhdMg35EsAy6xsCZ9Y58eJXGv8QJ",230117540,239380701,135297556,137086529,132605156,"Yes","Yes","Yes","Yes","Yes"
"FFevTkywysWf8PJvH4DZkEp4v9ks9HJPJhZWbhhJiYnr","5DutFKQ8qPmbjFEmp31QH9JDYJXvwh9pma8ap5Phxk6H",7873120,18820547,9530002,30944471,55288852,"No","No","No","No","No"
"FGj2F187dqKfCQLfa4NvRPhiTeXwm8LZDCq4q4z5g6ai","6AAeoHYMUQfSdFGqubUmWVAasFkzJEq47oKpHNNTZxLN",NA,NA,NA,0,0,NA,NA,NA,"Yes","Yes"
"FJDmjm2bkR49AxtBvABQphrYwjdjB54BP4XCW7ht4E4M","8Xt3wSSftRb6L7iRiC2SRU9UQop4S9ZaGzWv3ZH6PSTD",154168060,176376287,107904940,353722137,96029946,"Yes","Yes","Yes","Yes","Yes"
"FJN8ryNvkm3QAQufsjJmJ9eGPpK1D8hG4MawATqZfFhx","3uxsKdY45oPct1pUQM9SYy35LPjRmQif7FAU99T5QrmZ",1789747,6219338,NA,NA,NA,"No","No",NA,NA,NA
"FLVgaCPvSGFguumN9ao188izB4K4rxSWzkHneQMtkwQJ","5yHqB3NxovCEMUniQCboaPRMyyQ7kQQF4QqvC4vaz78z",12940517,3435197,5174380,0,9285970,"No","No","No","Yes","No"
"FLWc77X8dKh5RdJe5xMFxry8kvSVUbo9G4MQ8hCAg5ve","EcZBjDPzSZLdsyKCBq26MZMYFfiinZsfcL3SwWMK1eNL",127620943,120234493,165843768,132202756,130503794,"Yes","Yes","Yes","Yes","Yes"
"FSVdqBzx5D4UsqBLnvmH5dFx2dCm1pTPAbQWJ1PYzTJ2","2EWi8L6xp62VgTqFo3LnhoSP5sL9CWqYxvK7UA63qK9x",42070482,45429501,49455264,69008856,47525894,"Yes","Yes","Yes","Yes","No"
"Fd7btgySsrjuo25CJCj7oE7VPMyezDhnx7pZkj2v69Nk","CcaHc2L43ZWjwCHART3oZoJvHLAe9hzT2DJNUpBzoTN1",8355576460,9353887294,6925258898,10872007177,7183688402,"Yes","Yes","Yes","Yes","Yes"
"FjYEr2UCeFzNfAKiFrbhG34Zv8LxbmfHYAFhAfc7SLQL","21wUViiyG1g47VZ39ZZsSkFX9nu6bkyfy6jryHGD2TUB",179196420,271077795,176075963,236861875,108366870,"Yes","Yes","Yes","Yes","Yes"
"FnRqe316RrxVBv85EzMgcuWaVLZYYuyEq9znJnSZAu55","6hkfqeNAbURk7CmAQsP4Qm6WwHVF4LxHupEvQf7Tkrf1",166878999,214279006,112226380,215638104,97048371,"Yes","Yes","Yes","Yes","Yes"
"FphFJA451qptiGyCeCN3xvrDi8cApGAnyR5vw2KxxQ1q","5HScvYkTWL9iojhPv26xK7GqB7oBsj9A2qHCeNRFmdyG",44892097,27604520,22981369,28519076,28410078,"Yes","Yes","Yes","No","No"
"Frdg1NUoQaaTmASWNTrtDrBU5PbTnWtUvtdCr1XPNn1c","6MP6Bun9VmkGcRVU4iF14Q8P7jTkGtQW9zVwmB9kCYyK",NA,55692495,58576718,83109352,116644319,NA,"Yes","Yes","Yes","Yes"
"FugJZepeGfh1Ruunhep19JC4F3Hr2FL3oKUMezoK8ajp","7emL18Bnve7wbYE9Az7vYJjikxN6YPU81igf6rVU5FN8",689346846,632747480,518075046,809017967,571504628,"Yes","Yes","Yes","Yes","Yes"
"FwnWx7x99rGwLmipzz8ii15NqcHkKRo2oS1Y7j6LivgZ","9f7dqiYNBZbgPesAnLeWnKCtxYHSfMg5x1EMZCJwVwG7",153269989,131636777,388029757,163989294,123750354,"Yes","Yes","Yes","Yes","Yes"
"Fx8ATrRvjMnmUCjjDaUFcyjhbLVPzZJicj32bDcraqBz","Dp9gpMr68ZG6gKi1ByGq1oACwWrmRe7cvBWBHhRbdHxr",332023488,129116523,89961951,251095124,122048617,"Yes","Yes","Yes","Yes","Yes"
"Fy7RCjDdFLG8wLn7TBKbccaKwYX1FetdSoVDREdUHf5o","4Q1khZnsdtNyQjUCpYPBDYyogui8b9x1MWtKNdaPiJdv",26856212,29599021,32473595,28185249,29633957,"Yes","Yes","Yes","Yes","Yes"
"G1eAmANVWf6ZeoxG4aMbS1APauyEDHqLxHFytzk5hZqN","G1EAMrJcvzs5SwqAQRgDTjYBEGrxxJVwNS7qiUtB3akg",141748583,150311148,82401063,39018251,16373634,"Yes","Yes","Yes","Yes","Yes"
"G4GT8z4AKWNoy3x6nuzxW83UfFXLXzrwn7DZQt4GvWdU","77i1Ryv5bLp45yNeJCwCU28f37fGYspvRtGbNyxsD6Qe",171255854,235563954,146526159,146767531,151930852,"Yes","Yes","Yes","Yes","Yes"
"GCQ4V2e6PPdgHM1mXgepHZvdRkWAxbiFUUpJC5Bpcncd","9SFU2TfJmGB2jq8NHc5Kiaph6BGje7MDJRu7joQ7ZqWV",35714006,31077566,16388522,41291673,17660736,"Yes","Yes","Yes","Yes","Yes"
"GMag1aGPi4Qi7FYNYi9HnAaktSRiWvZ6At3UWruuhEcL","HzJULufbrhteHLQDYAh8ZZn3P6Kip9MDo2eLEXgiTJed",107465749,121797821,122112102,481731800,126742263,"Yes","Yes","Yes","Yes","Yes"
"GQiWnDYrzHMALWG9avt5FCu1wisAQHjGY5ve7GMBiPEe","5XGMWvqZSBk1fktPtxbwaMF5dhkbrtchpwd4xiXG9q8u",121914176,124246949,102828154,109731160,193177543,"Yes","Yes","Yes","Yes","Yes"
"GQqxGEmi6aMBZtcfmfmC5Jgx33X57ksvNYoo8bMH52T9","B48pw5uXH7gkCibuCBPE6nezKsCmYfFFwveCeMHpq4iv",6526615,2948296,0,105276507,NA,"Yes","Yes","Yes","Yes",NA
"GREEDkgav1ox1jYyd9Anv6exLqKV2vYnxMw5prGwmNKc","GREEDkpTvpKzcGvBu9qd36yk6BfjTWPShB67gLWuixMv",NA,NA,NA,NA,49130695,NA,NA,NA,NA,"No"
"GS7tvhfiU36vp8q2d92buz3dgENidvA3bWNpRDFcvnR2","4DcSke272vfn4QQK49RNzPPj9pYasbyjoiY1a5UxLDH1",152205559,142145487,88485868,192570766,32467062,"Yes","Yes","Yes","Yes","Yes"
"GWJyUxzcVwRRtpLuLiu1mpiUQsZ4onYFAYfCjQnuLmz5","9KgZYnDzHhQANoJ43Z8czkgXYdTjtWLRrH9nDf42gqa",325614766,246367467,230177544,306191823,191815598,"Yes","Yes","Yes","No","Yes"
"GYx8kpp7SsRwtQEEsGQjAxb4hFMMmT91kFJuDeky3YGQ","7jPqpHuN5v59dtBom2tjmYEfi6WaM4sFtJeTD6fzhcdS",NA,992236477,577221292,1065007303,591510825,NA,"No","No","No","No"
"GZMbBC62TfFZj7YBM11AciMSm7ejKRGjzg9ehsmjLtqz","B7ZAax4Un8WZgvz5VQa55FRpyusPqd9o6WtaQfSxpvEn",94538663,114517643,79822252,226006888,105210123,"Yes","Yes","Yes","Yes","Yes"
"Gd33fENP1XsBimff41s1EWrs2kmqfGQqEJ5CQPQB3Jwy","BK5Km4MyuncoBWKCM9y3zntA1JjhdqNcHd3mxitms4Xo",48714300,69107765,28438143,248291390,27887141,"No","No","No","No","No"
"Gf4rQifKzAHznUdtbFumy1MTwGX5ApgwnkxUUvEaEzWC","NfqEUZxKU4J7C4HobtMRFhBP6MvKvNCoa7wXSdwZNcg",153369287,156931443,116587707,162213460,225624551,"Yes","Yes","Yes","Yes","Yes"
"GiGa4gzsvLHmtPdN4MXFnr5U8cRbxS2FoVkZ8xq2uus5","CHED2jBWgvh53kd6fbdbqhZFipUE8VdF7orQr8dz22HQ",98575939,91215032,31994629,75802249,39591465,"Yes","Yes","Yes","Yes","No"
"GqDCbnafLmKkdqiqf278jDLXqjjZMB2sViZQtR82jPUf","4KfAqBj3Jvi9GGngFK1MbZkjHTcSFyvhFnVwc2QrNiEh",30440509,29202598,30262422,60143257,85239825,"Yes","Yes","Yes","Yes","Yes"
"GvfaiJUhNCRZGVGumsEF1eHDb8JpAeFAyHSrTifyhrbt","6oscGUEkXE8fyWoC4czRKbM1cuLkJNtgRsX1Un6w88Vf",122718238,163474716,115739567,213366121,195888329,"Yes","Yes","Yes","Yes","Yes"
"GzK6vbP3fejCMqja1veNtN3kF3s8KubDCwApnkVeyGt4","BcEeYrL27qmhUnk3BebTEjsuFmvoeEGgrwBHj3M3ArCF",127062348,187097984,81940897,388532408,108845536,"Yes","Yes","Yes","Yes","Yes"
"HBhWr2MXcBjuhJAfwei8N6cK588Y7zBwmAg13RPshrk","xLEM6v9xaZ6Mb8SBQjf6ryHpRVxMngdWepbzMUashrk",44958099,16821595,8852102,18020522,9442598,"Yes","Yes","Yes","Yes","Yes"
"HEL1USMZKAL2odpNBj2oCjffnFGaYwmbGmyewGv1e2TU","he1iusunGwqrNtafDtLdhsUQDFvo13z9sUa36PauBtk",NA,NA,NA,14723432731,9624147370,NA,NA,NA,"No","No"
"HVXXmNKkmDZbZwj74iL2Y9Wu4SyrchBoxAfFYVAktLrG","644K33yWfSzc32VvY5fRUfUqphw8LTaLQntCkyEpJ8h7",108855786,107757860,81302377,129144665,114067125,"Yes","Yes","Yes","Yes","Yes"
"HW4zorvt6xDwhU36RqjcWNwU8YMj9tiqnAafBKW4cqV","4jEHuQZTNTRYAhxRYEjV3HJ1b4wqdQjnBRdPzFWzkCft",129486202,145430016,86004346,164827892,84098804,"Yes","Yes","Yes","Yes","Yes"
"Ha1iade1AH3B12K9SccfWoPdFtQKKQsj2ZyWwxcjqJJU","Ha1VoTEPWFQp1wZjbQhBNXJftuHvimu1ruzF3xKYRPDQ",NA,NA,NA,NA,116498103,NA,NA,NA,NA,"Yes"
"HbQwCgDvVZF5pMdGZMdX2poPU43RyF1TxQLz6LFMqYRF","2tdiMkw7vc7ELX6YSQVRdEWFuwAmmYCTcvgqsCTTVRHc",101662340,229523143,78933230,123996516,96159247,"Yes","Yes","Yes","Yes","Yes"
"HwN6eoEe9N3kwHi66hpQDBMFPk6ASQGthWKPX5MZmisp","HwcVgFSgmfeeF7zGFUBLoVA8Hpx8rtwyfCrJ1npBaSVC",61633931,81023366,48164622,214578870,38499115,"Yes","Yes","Yes","Yes","Yes"
"J1xEijrZvidXX8eF9gnHprucjeMAASZ2tYkY1GXF91Tq","8b3JPQtHbw8MBJQNwUDVXC6xfaL26UNx6WA3GShGy5Vw",133177086,236327531,77682445,170182778,112240401,"Yes","Yes","Yes","Yes","Yes"
"J2obR2DK7gnd6H88HjKzEYuMyboDWRNpbzwmGSh31nnu","DXv73X82WCjVMsqDszK3z764tTJMU3nPXyCU3UktudBG",12006290,10256368,11271078,53230969,76320195,"Yes","Yes","Yes","Yes","Yes"
"J5AsxaHfWn6KpEcPRT9EZ9szvEMBQeHRe947UeaMPG3z","GJQjnyhSG9jN1AdMHTSyTxUR44hJHEGCmNzkidw9z3y8",160710904,139100166,138034089,206112989,103582141,"Yes","Yes","Yes","Yes","Yes"
"JD549HsbJHeEKKUrKgg4Fj2iyv2RGjsV7NTZjZUrHybB","3JD3jMmnR6g88qff2WZ3cMHJRjJMUk9yVZtmYTYeFrXf",5484790130,6313783802,4947820793,7634266800,4906948966,"Yes","Yes","Yes","Yes","Yes"
"KTMkUG8WCw9FdH44jLMBpc1teGafnYL6SgP4fHHbsNM","EpicsoqLdDP8qRn3wQRKTSKAXbjK9dUgFfNPRQS77MQD",5651622,11693803,8182048,36006984,39260530,"Yes","No","No","No","No"
"KiNGTLWCgoqLKn266xxT2Zosko3FumNv7Z4V7V9cyKQ","KiNGunz943rm3mJmnbELCTSh61EPqbNATFiP9XbFb9G",156837024,118991118,160356192,247473949,148794302,"Yes","Yes","Yes","Yes","Yes"
"KoLibrJsbABbtmtFPc7nPvDxT81rc4UPM7mY9xSLjpo","34mSDco9FM8599y4QF1GJvyWUrPixeT3zRNZAvzNXF6x",183963751,195691180,195878637,286921103,183024035,"Yes","Yes","Yes","Yes","Yes"
"LFGGGJtnBLvq78DyMz1gTeedM6f8owck76qHThDABBC","fVotEjqpmpQYgyVyBCwYm62BKqqTQNE6SpYnRmdBazH",76672950,87846355,61665099,405451163,92266437,"Yes","Yes","Yes","No","Yes"
"Lake8NXDThihebhxS3Js7mFnj9fthmus93zEdsFNrsL","LAKEuKJQYVFpf4vyjX7iuf9ajHo3k9FiyewYKf6VxPV",289620575,305048360,234125041,344416366,173442308,"Yes","Yes","Yes","Yes","Yes"
"LiFiDJwJjW98MB8wxcnXpafKYsuz1hwpUkuszkERiX6","LiFiDDUsf6GCRHwkHzW4YnR1QErj99MAU9diwb8TvWk",6115942,3767862,7307691,24725123,10413470,"Yes","Yes","Yes","Yes","Yes"
"LodeuWMHPiPj2PUHUyca2bkpFv9HyzR3gaDBmGJ9TSS","LodezVTbz3v5GK6oULfWNFfcs7D4rtMZQkmRjnh65gq",39327950,59916296,68699954,72534099,39236080,"Yes","Yes","Yes","Yes","Yes"
"Love31pnbDJNVzZZVbtV4h2ftvTPVcBpXW11BSTCa6s","Love31JHTTweTzCu3BjyjhXJadjRrd57hiNZn7M1fLj",92619505,118138732,134974918,118296959,111710595,"Yes","Yes","Yes","Yes","Yes"
"LunaowJnt875WWoqDkhHhE93SNYHa6tfFNVn1rqc57c","LunaFpQkZsZVJL2P2BUqNDJqyVYqrw9buQnjQtMLXdK",122240908,147642346,103084932,109256620,92120411,"Yes","Yes","Yes","Yes","Yes"
"MCFmmmXdzTKjBEoMggi8JGFJmd856uYSowuH2sCU5kx","2het6nBRLq9LLZER8fqUEk7j5pbLxq2mVGqSse2nS3tf",132388662,146657857,113286596,115674262,122374981,"Yes","Yes","Yes","No","No"
"MagiCBYNPD9iTBXqiFybAFCREQzG6MSM4LmFLXQZxuV","magiCChVWbehZ1e3XqQfLh164yUfQ8LnRWgSP9i4oFp",84171856,52918881,95588716,82933011,91242654,"Yes","Yes","Yes","Yes","Yes"
"MutT1jxCXbRWJXpXoJK259gLrNfzDezdxS3BSkQAmv1","6H9J5xtcqGwh2hd2GpBHfvrnDicWk8GtvpnypH7piktA",587479645,483758575,605514771,1206338839,262232114,"Yes","Yes","Yes","Yes","Yes"
"N43JWBg42ZoUFMkHsRUVbP7wGVdxaHKanqaF9BBNiFC","vanFfAkyFXFnj6TpmVwet6pJBnS4nBWNcJiE5GEsZ4K",108491572,150421135,65927170,141112600,74816141,"Yes","Yes","Yes","Yes","Yes"
"NATsUSZGohWw8xtLdxG4yus21UCkaes4FLfM2eqKbRk","fuyugZxM5S4NyV3ZYoc6ebs3fmRTrZ3X27MKCFvHpVD",287975255,156818738,147156141,150256199,182552496,"Yes","Yes","Yes","Yes","Yes"
"NLMSHTjmSiRxGJPs3uaqtsFBC2dTGYwK41U18Nmw5kH","H4QVPxS7napq3NEYxqLhxbKi9nJ8s56dD2EQZGsyZ3sb",227927177,196860314,232657581,237604831,148771836,"Yes","Yes","Yes","Yes","Yes"
"PAWsME7oYbjt5TRNc11mBa33JhKnQr9AYherdr9YAZ6","3ZUQekqiZoybB57y49eqtvSaoonqDwuNbeqEGwN88JkQ",279074768,366409847,164454915,314804875,149472578,"Yes","Yes","Yes","No","Yes"
"PRGNnb8DxVcP2WjSHfVRGgc8SkA5u6dbMwoTVV1BGKN","VotESBSkLKU8vebS6wTR2rzWWJsLc6YThYS6tebPxXq",257728309,321931785,258585072,285077237,165933398,"Yes","Yes","Yes","Yes","Yes"
"PUmpKiNnSVAZ3w4KaFX6jKSjXUNHFShGkXbERo54xjb","DsiG71AvUHUEo9rMMHqM9NAWQ6ptguRAHyot6wGzLJjx",1215806223,1442114540,1061451926,1857497106,955348110,"Yes","Yes","Yes","Yes","Yes"
"Pid6HQnMCFb9izqX9i7X6ePdUPieGmjHoPxC1Jfooix","PineDoC593nrX16W8ZLWfF5Evb6otv7fRfZMLjPAHe3",171676633,223835265,218436024,283392653,147165143,"Yes","Yes","Yes","Yes","Yes"
"RBFiUqjYuy4mupzZaU96ctXJBy23sRBRsL3KivDAsFM","RBFvvcGPBpgkBYmJGsphoDQJD8sszSuorM7TorWm12Y",370520400,311105645,228403495,570736059,260944305,"No","No","No","No","No"
"RLMS1pv3YKi7CSUCKTNcFN5fFkXJc2SmCwPhbQpqZJo","RLMS1xvot6R9RCDbCtZN8toXGm1ceJHXnBSNC1wY3FU",47517267,64963228,34383770,33869515,45775675,"No","No","No","No","No"
"RNXnAJV1DeBt6Lytjz4wYzvS3d6bhsfidS5Np4ovwZz","RNXpSdqrJL6eoLrbW69Q9qsFviEwRpfFfk3HiRRRohq",502348389,547882414,432502375,832001373,387321227,"No","No","No","No","No"
"RhoAkvPz4uJY6F5EnmBSHnFFEeyA9rt9Rvp95G6HraT","Rhob5aKMhFYqwn26o2zvApzwAWmagtW1ShLmWSPxhKX",NA,37477226,28179770,39077478,30780754,NA,"No","No","No","No"
"RoYFUUD7QD9aQ34UCMcwfye8dC5YvJeXz2J3mmoy5S4","2ayMCC4aizr8RGg5ptXYqu8uoxW1whNek1hE1zaAd58z",159653063,178126375,123081019,110772755,127306157,"Yes","Yes","Yes","Yes","Yes"
"RoYLttggWwa2st3KAGEjnPhsq4NPD5QwaNVyyR8pTz4","roYL9AoyuGae7uEAErzZhPSSxnLLZU4TNx8wmwCk77r",89850211,128292853,111737307,227446771,104378969,"Yes","Yes","Yes","Yes","Yes"
"SFundNVpuWk89g211WKUZGkuu4BsKSp7PbnmRsPZLos","SFund7s2YPS7iCu7W2TobbuQEpVEAv9ZU7zHKiN1Gow",251505662,312449249,237851526,520398626,409159245,"Yes","Yes","Yes","Yes","Yes"
"SKYzJwMV6uX83pkytP5FFLFFtwi4yBfdg1CmDu675C5","VSKPGTijnFBcXVYNk6pCaSWBUp1pz5u5qP9rDdWgsgM",7370630,2625173,0,0,1376733,"Yes","Yes","Yes","Yes","Yes"
"SLAY6uN1zZpXBTfbuDDCesNmM5D288xrz8uYvfS3n41","SLaYv7tCwetrFGbPCRnqpHswG5qqKino78EYpbGF7xY",249340062,359063252,387184108,706593650,355976721,"Yes","Yes","Yes","Yes","Yes"
"SP9K2c8Z1aaQaqdQgC6hZMJ5UCTTnE76XNYVse7H94b","SP2JKHyxhs8eMQUi1wrJEcganVJoMhPe1hygowsusaP",19658748,37502794,18351607,154254635,24587597,"Yes","Yes","Yes","Yes","Yes"
"SQDS9iwyWvT2mQbSZzuNKGoxuBug5jRHouF6SuMRBkA","SQDSVTDfE5HqL7D6RjZk1vvZhaheWoskrDdDHCki68w",114518420,101813024,85684432,206704096,107164184,"Yes","Yes","Yes","Yes","Yes"
"SWiz7QwnYPm61pWWUUkMhj4r5pZLP1SvYibdHcB2cov","SWiz8fJt7CV99Uv9VZTLGAkMP3vTpc6u7ZqNN5dsWXU",136600847,120570069,68832691,236944064,110776683,"Yes","Yes","Yes","Yes","Yes"
"SWnetabTLirPWqEK1V1T7HkVLC5vGvfjEsb89wiqrGh","SWnetzxKaKtuysePKKAzdPAk3gqWgPYxg31vet69Xnz",179381814,331715346,195616793,177307087,135778239,"Yes","Yes","Yes","Yes","Yes"
"SaGAgdkowooXBrHihpmE8gsjf1dUG7n5SqnyJxYFnXJ","sagasJDjjAHND4hien3bbo5xXkzCT5Ss6nKjyUJ45aw",66869218,85201086,30616232,210338940,63715863,"Yes","Yes","Yes","Yes","Yes"
"Sp7stYmvQaALhVEsmbV3NnatVrH7DFJUz6PWYJfshrk","xtA5ixQt5rvEHfqfGGJkdKqoV9TH14NPfkhsdXsshrk",7902407,18710761,9053509,7345504,30295449,"Yes","Yes","Yes","Yes","Yes"
"SscQkTYV2BFQYGGffAmTzvefrFrw6z9GNYiWHstVZ77","sShosKd6uA5c1ZpVMxdsE6do13TLRWSMYsXbSMmNC77",53987537,164003325,36883192,84880547,34578413,"Yes","Yes","Yes","Yes","Yes"
"Stakex4B2tpDHPWGvV1dninfiaYCGdakgTknpzPitLh","StakeyJXE1yJbEApBVswHN4JdZXcj7V5MHbzffa4dFp",186295517,203126538,106525491,168787155,163394618,"Yes","Yes","Yes","Yes","Yes"
"Ste1115xFGdAYK5jaWA3dEFcUc1S5jEbVvD8e327zty","Ste11vRHQJyQjcTKrDbTWAYsTXkX6PCnoEw3mSH3u2k",342045433,385401357,309369742,570918206,219498036,"Yes","Yes","Yes","Yes","Yes"
"THWsLPufeq9LWs2H9vYPbtFwdxAHbQHvSbT6pztG8x1","THWfRpcJSC7oDrNMSCcixTZmCHVBTEVQL4qnd1UTD1x",259736559,233333739,169568114,278094259,223731910,"Yes","Yes","Yes","Yes","Yes"
"TopjgY7N1fJdnW89S9fX6t7LF61nspgXGL1NpgAKhDG","5DnWqsJceNamPNNUpMnVr1XQ8anSxcj9TXRD5Rn52prJ",15176431,34453532,23054768,23859425,7779031,"Yes","Yes","Yes","Yes","Yes"
"TrUtH9WTw1jBVuuExpm3MnC5XF7mW6J3x6oXXA9yX4U","TrutHUEykD2UsmAq7W3hA4r3XiQxGLqhENAwo9522xa",53811185,49768575,44562794,28741550,34162656,"Yes","Yes","Yes","Yes","Yes"
"Tri1F8B6YtjkBztGCwBNSLEZib1EAqMUEUM7dTT7ZG3","tri1cHBy47fPyhCvrCf6FnR7Mz6XdSoSBah2FsZVQeT",292167953,369911862,213255704,544245415,202769267,"Yes","Yes","Yes","Yes","Yes"
"TxtxXzLTDQ9W4ya3xgwyaqVa6Tky6Yqhi5BLpPCc9tZ","TXTXAmsarrYrTobiCzq2r9NBqfChqRE8wEfJNsYZZ6F",349964066,404893570,352668014,792976509,320310593,"Yes","Yes","Yes","Yes","Yes"
"U82KEYMnuCiZSQbvuCJTZ652HX9NQ63uNSnxyucshrk","c3wFuF1LCtsY5DGo7eBQCwLHhtZgAxNwNDrUCqashrk",24145747,24711631,29738063,21405172,4324333,"Yes","Yes","Yes","Yes","Yes"
"UNrgBLmc8JT6A3dxXY9DWeHvDezt2DZQbhg1KPQfqEL","unRgBLTLNXdBmenHXNPAg3AMn3KWcV3Mk4eoZBmTrdk",51646228,59864721,52404795,13596675,53352580,"Yes","Yes","Yes","Yes","Yes"
"VALiDcyCpujxjJAZDK2av2TpMAigpSodzj2ApqgR4e6","VALiDsfZKafvvQM5CMHhJd6PeVx9UpeDEC4Zk3WYikz",125911464,190754255,194487101,383198537,176628804,"Yes","Yes","Yes","Yes","Yes"
"Va1idLRtYEtVFJFsvz8vtt1uCJgea4Q1zi2Rh3eraJh","Va1idkzkB6LEmVFmxWbWU8Ao9qehC62Tjmf68L3uYKj",433879401,288852683,235082504,364903176,319271816,"Yes","Yes","Yes","Yes","Yes"
"WUNoB9YQXmXXRcJsjY1G8PfVag5aAfnyGmFd6YwJVwp","BDn3HiXMTym7ZQofWFxDb7ZGQX6GomQzJYKfytTAqd5g",131608863,117601231,126895190,430265576,69656051,"Yes","Yes","Yes","Yes","Yes"
"WnP8cbMW3fqZLHiyEWSpjBQ6sZpfPustpaiY4QKshrk","g3YCFRjDBQDv44XtPT6dfGvhrB9DE75zLMybq9Mshrk",12634127,31241522,22234737,20970626,9153271,"Yes","Yes","Yes","Yes","Yes"
"XAqHfPFsqTfAJHBRHAcEECkMSykXjkUj2Rta16Qshrk","ySxF6XaSFSwU46iJbgyh2rAW5jagLbYULPtWvZCshrk",31170786,28772308,26903575,59141604,22743903,"Yes","Yes","Yes","Yes","Yes"
"YE11a5nVJtUNqsojkphYuWc7StqBzbCeFH6BjhAAUEV","YE111yizdzBA7JQKMXjy9VSx1shKAczUbs3b3e6vKQH",98639582,124606613,96103305,196964822,87929970,"Yes","Yes","Yes","Yes","Yes"
"YuRBAsy9Stw1u46A8dMp7WQVBFweLP1PKuYibzYAMmQ","9gANMngbGUmAaLXL1RC3JdiaLjRowJXNbzCTh53ht7mq",23126519,81500033,36117788,110288103,65569418,"Yes","Yes","Yes","Yes","Yes"
"ZoD1XLMhxdMveAJL4x9oab4FhRKP5NThTnSCH19Tdjp","ZoDVQ5zCgFyVm2Y6vHhZ6boQEZNV6sMVnefev4M2Bes",NA,NA,15592377,30777748,NA,NA,NA,"Yes","Yes",NA
"adramSYKBv1yHoZTub4kepcmF5LybPxwyJcsz4fpfi7","adraBKLNY3DL3pg6SJRDYiMA8BsznaWpUdE42X41gbP",157054988,224151590,210083956,239050427,148635940,"Yes","Yes","Yes","Yes","Yes"
"adre1Xia7ekGsEqNgHeFc7MYwkfzTQNeJgQmZ2agAKZ","adrePWHJJQNNuMfK3QrBKXDZZuRFPRjhovMMeSr3Drz",34212240,13438647,18950452,9844805,9078942,"Yes","Yes","Yes","Yes","Yes"
"ana2y2YvQ3ZPMwm6qhnN3nJoUSiT3qx5Pvetkq9xcfY","4AUED4uj6nSTuANzaAUnGBPJQRmhpDYDwoWJNkoUUBBW",1028615033,1252932483,895246270,1851394009,907871327,"Yes","Yes","Yes","Yes","No"
"anzaeL7Lsv71HW2mew8YcKGyGqL6qNn3xoNPRrejM73","49ufmzpErLmn7jAeP666i8nMdXhFuvzjCbQwf2oEMkN3",NA,NA,0,0,9050658,NA,NA,"Yes","Yes","Yes"
"axy3tCRL3wmFMVG4c69rYurcf4fXhBo2RcuBj9ADnJ4","axyQeKp44XqUnvC1jVHoeuAJ3j8wVnGeWtddeAcNYcF",106922471,134753065,98097414,90797001,202363796,"Yes","Yes","Yes","Yes","Yes"
"b1ueZK9bWTywN2587zsScyLTaH18wfRfN5W15XnkiqF","b1uei1YN8YVb3qHy2JitBx4Fq9nAatLQFcNbnk6Ex8p",32004352,38127850,22674050,25279468,16218202,"Yes","Yes","Yes","Yes","Yes"
"bay3wXfJsu9ds1zQBoQQ4DUwFGs3NP6q4gca9WM5G1z","bay3rQMjiLPy6Nvi7tfNeVK26inBCxf88hKYyeKy64H",48063950,63277015,14347631,43943012,28005923,"Yes","Yes","Yes","Yes","Yes"
"bookoVmqw4QjVj5BbkFacouadx9M7816wyRkfM7A5Lo","bookLxG3LkSmt4htJ1x9zPw6E34RRMAi7sUn5mM3CNN",127497823,107934670,157260204,119832064,81119340,"Yes","Yes","Yes","Yes","Yes"
"bxrAptB5ZpZBhoLedJpoGWY5hBjjt3zvVBr2323Rrq6","bXr9MyoUAaGusQZ4gaUPmSZByHAV7RRGr1FhCW5tFh8",171622249,281162954,205054891,250611467,169267590,"Yes","Yes","Yes","Yes","Yes"
"c3rtoMCHSbFrLRTAdw4iRowKSn4BrDtvSPbuyJwkHwx","AuBB9st3RqhHBkzZgBSm6SVnHZNJQSHeBWCSkik4bzdA",23994329,38235796,32167989,56012436,36453508,"Yes","Yes","Yes","Yes","Yes"
"cBYbGeACrgaqNNoE1zFTveRZGozE6G4q6X6ntnCshrk","VMqRkZTWE5pX8AEow5jqYYxn6QkzLBL94woT2etshrk",43905041,18350625,2796530,5630126,10254520,"Yes","Yes","Yes","Yes","Yes"
"chdvWr6T14nqGRFD37KY36dsvhkCtDaufW5rpu3AfHe","chdv8H9fPfk2zFqSVaxRjsEo2qEDmswbju3BVgAHPNb",129744341,155917106,140092785,320968884,169509109,"Yes","Yes","Yes","Yes","Yes"
"chrtyETASKQhsndRM9pr6qC3gAHG5MuRwCgXSNVqnJL","chrtyiAw8suFRvS7rTcfgcDyNu49bGPNZ2fjSPzNPFr",40138954,56403060,26210676,49917220,29773734,"Yes","Yes","Yes","Yes","Yes"
"ciTyjzN9iyobidMycjyqRRM7vXAHXkFzH3m8vEr6cQj","CiTYUYPAPHdcri5yEfsmqVcs54J6j8X1QaiFLgYqMVe",152140287,263918255,162558116,177981067,129307661,"Yes","Yes","Yes","Yes","Yes"
"dcntruDNP5SEcGV4RxnsqXFURdDZGT3DTQv68Q8H7Vu","dcntrKBwh8j5yL62Eg96Z5QjJWv3UXxMu4rqL82w6Cb",208245248,124755110,107957385,207251590,176815769,"Yes","Yes","Yes","Yes","Yes"
"dmMwc4RazLHkvDZYrWAfbHQ6cViAvNa5szCJKaiun8S","dedxrPfNqPKBRmUyP9LDkaitpQzU6PD44jA6GP9Ndhk",178315339,422144116,136988339,364426569,114836272,"Yes","Yes","Yes","Yes","Yes"
"donK13ycwd7Xp3ZCGCgRQupemv9s7MedbrQsnpwT3UX","torMTZJKyp4sgjPzGpy3t7Je22g3v87MK7bq2mLfAhs",0,0,NA,NA,NA,"Yes","Yes",NA,NA,NA
"dst2u7mXMyDvb14cSErRNA1mxH1d5VXbSXgZ3DKE9xH","dstqVmt3cDH43Ux2SeTY2Hza1eVW6pwGLwehWCLfuPd",152345840,145162633,129972821,101324429,217531879,"Yes","Yes","Yes","Yes","Yes"
"dzBhD4wikyy7xqwiJvT49gdrKqWVjfs9M6cTssmRX8Y","dzufrE42PJjNNRBstdmunAdeDToDA3Cax6WDpFVj36Y",6320281,2238427,14846096,17165224,8584352,"Yes","Yes","Yes","Yes","Yes"
"eKV6p4xW86Ryc3r93WYLEHhHne7Zzn3upT8R2cxshrk","BUgQ241MWNkRGwEYww4VNtLxTZNb92YUzxwtNx7shrk",18482426,15798884,14045056,0,12100144,"Yes","Yes","Yes","Yes","Yes"
"eyeYaqg9e2L6xw7YwsSLm27eWJfhLNAm6ETQm8TXNoK","eyeVhGmVEoPSWmQU2wP5WZmMihPBTCk7kMMm4VhuAKS",251981122,174838263,112406063,436185570,137665048,"Yes","Yes","Yes","Yes","Yes"
"fdzip81euDS8jEZHx5H1mn27zGVMLzkgpQuzYRBfBYG","fdvtuDvWJZ89Z7TmeLjCwxgoLcmoEWNxruV48DvJtfm",NA,0,0,0,4521411,NA,"Yes","Yes","Yes","No"
"fhT6kkkJfBAkG8C5CPBQJqyiNfW47NSLhAQFvBFYmio","FH9xcL7Fqkreq1wSkn2Vf7AfnMEyo2KK7QX32LTFndt6",0,2595850,0,NA,NA,"Yes","No","Yes",NA,NA
"fotby1ABxpei2EVH9uXJ6KbHYgPjbg4Sny9eRzQjtRN","4T799AaK9YT7zBtVqYZEnCY5ihUF5XaEYemwr5EnozoQ",14607361,10256691,11428412,6114370,1041768,"Yes","Yes","Yes","Yes","Yes"
"gojir4WnhS7VS1JdbnanJMzaMfr4UD7KeX1ixWAHEmw","goJiRADNdmfnJ4iWEyft7KaYMPTVsRba2Ee1akDEBXb",58821881,45719398,72004983,124411662,73407582,"Yes","Yes","Yes","Yes","Yes"
"gotasRuLTuJNZDtLHmaDJpEUjCWZqkHcuwbLhkgCwCX","Gotas1PRPrkqqSNm1ZKcn8Tpx9qL8krSQzTZ5DPKzkFX",61924146,18665753,29046809,109743441,56834517,"No","No","No","No","No"
"gridqZmeBcsUKT2Mv4M9YFHFN3tVLFb2TCtTcLD1cAd","gridZ5cMHjWGktAQt6o36NtF7XSv19nJBrW83zmo7BM",225914804,229811077,152973701,317653171,151689896,"Yes","Yes","Yes","Yes","Yes"
"grptonHnt7YSmJokGK9TJJTBXDT8ca4LSWMHCCfzzPa","mnvkHm47ZmRKoSWuQZAfXLRiDPiKCq8PWkMWrp1Wwqe",332452439,328206729,321508091,491719631,377893914,"Yes","Yes","Yes","Yes","No"
"hnhCMmnrmod4rcyc3QRKkLEC9XnPTvYJ2gBvjgFiV4o","hnhxfrndd827LET6jvnQV4aWqpS2EedaHcT4gj8ArSu",119768925,197542012,135147538,487834872,191263650,"Yes","Yes","Yes","Yes","Yes"
"huinBRP3muBuqZLMW8ARjdn4mBnEmFFcxiBzrkQz553","G1juWDqojmp5CWDhgRqtXrtpAFw9xqhjmEQAKr9faf4V",161614627,189167559,136921612,197880866,150321793,"Yes","Yes","Yes","Yes","Yes"
"hxMhrsuGPDmkLJ4mTxEjyeMST3VGhTiwJvS9XgHwePj","hxVjzDmta9TuN1gM981TRKnfwG2uZ9TQDGwSCs3uDow",238937681,459536921,198351371,230123722,143425017,"Yes","Yes","Yes","Yes","Yes"
"hy1oMaD3ViyJ8i6w1xjP79zAWBBaRd1zWdTW8zYXnwu","hy1oJTV2kX9acsqpwk7hbteqXFw9VDbWvbxoamFEufW",255370062,252172924,218950446,293611941,257433725,"Yes","Yes","Yes","Yes","Yes"
"icex1C6pnZxznQWiHZZANjGU8nZ8kNquFnjyY7XXrXE","votem3UdGx5xWFbY9EFbyZ1X2pBuswfR5yd2oB3JAaj",NA,NA,NA,103740842,67471409,NA,NA,NA,"Yes","Yes"
"idCE5k2BtTpwXdwAC7Var1enT9reut9fWECcxQP7LY7","Cer1umMkC6cvRGKKLP3QwxsdxsgxmC1EhqMhB1mqVvYZ",87007347,116538840,75373350,162531510,84485173,"Yes","Yes","Yes","Yes","Yes"
"jagBNeXYncnn1hzwSq1JJ16XhWTgQ7DCFVqndSJZ6vT","jag77EXci8uf5uGmKE5izaYvxBCS5H9U2rxWYh8BUUf",107506920,153197840,110451060,465210169,77935680,"Yes","Yes","Yes","Yes","Yes"
"jntr1vkzvSujfckGR6ANmFmirVoPBMNr5XJGKP5uDQA","jntrMCSkeNagaMM437fhZxLYbFJh6pvj68bQDZx2pXf",115666304,161265387,113986723,216078154,103908604,"Yes","Yes","Yes","Yes","Yes"
"juigBT2qetpYpf1iwgjaiWTjryKkY3uUTVAnRFKkqY6","juicQdAnksqZ5Yb8NQwCLjLWhykvXGktxnQCDvMe6Nx",NA,NA,NA,932544962,540820652,NA,NA,NA,"Yes","Yes"
"kREnNfJrPEHbrjSQDxmxZdGmN6hi7ewXZ3UZTURshrk","FH5SX1WUubW9nD1rweZMofCHGhEp8qUMx3PksLfshrk",19473455,58352623,13758942,16253027,13878563,"Yes","Yes","Yes","Yes","Yes"
"kom1oNHyyt84XLGVfi5Jo1qkVkU5xG1sBxPG19rWknE","25quQGzrtcU224Kk7G5YDJ9oJXgYsiur8pZ7pAnCMhhV",43158102,56740195,34556423,15423489,23810145,"Yes","Yes","Yes","Yes","Yes"
"kyzzzgRymGpePUsLyr48kQHt53kh5CSfRH1qfvz1xgj","kyvvvkDpDCtSxQMPhzRhmv14DgUBVEGGzn8Dnb8ircP",39863324,40293774,10630109,3901889,34845541,"Yes","Yes","Yes","Yes","Yes"
"mALL2W6DUgDDtcyurC9v5YTF2CMMeuRwPBkf6tEoG3y","mALLoAbdQrgsnm7kWJyPrhcQcmxfT73t8DaqEkpZNd6",25671206,28330036,30600977,49215443,26940701,"No","No","No","No","No"
"mHtqTQHaUcFjSZF6tGLNLsHLvjVsxXEK8w3BoT9eLAT","B9aUcoqmbxJgbPb28oVoZg6WsXUj6Hf6Wu5P7CUbJ6NU",78946765,162339666,117407735,91093662,127815005,"Yes","Yes","Yes","Yes","Yes"
"makot6hiF2ZEWy1yPF5otx73VuXpP5SCUeCbZiiGSt4","mak1EDQANhaKaDiNZeShT2GWe51cXgYZWCYpzV4Gzvk",NA,NA,NA,NA,122664201,NA,NA,NA,NA,"No"
"meshRrDTME9cL2FSQ9E56EncfkZ7vL8apwcCFsw3o6Y","mesh3Px7WMi7Dkxke4ZZBULoKHM6sp37wKtg4DwPqPY",125795965,118230596,85659881,90277721,84260255,"Yes","Yes","Yes","Yes","Yes"
"movJfS8W7z4PzZJbanwt2DDSN3NbZSyadbDp8DnqbAP","movwsCDJfXrt5mPfVdTC9u8pETrTysEdFxicvbZUxTz",4176093,2546652,0,4717179,1369021,"No","No","Yes","No","No"
"mythxvB89eT3C1TKwwhsvdHfYq2aoCt2es8vLoDFYyk","mythxna3hpzXSbaseyR12vu5Vvym1HxS92eCgXLvY7w",110497151,65021456,61740828,375741060,87829368,"Yes","Yes","Yes","Yes","Yes"
"nSGZ3tv2UhskkPqiB666yDVj7PTi9qKgDqvjHyw5JgM","AY271jdvcyo5VzBiWsMGLEjpZFFrarq8FDydJHLmYgCG",199328652,208788108,110583363,179889700,96008954,"Yes","Yes","Yes","Yes","Yes"
"nateKhsYkrVc992UuTfAhEEFQqr2zQfpGg9RafNkxdC","nateBZg7oHVPLB2samBLkKvfzedU3ALZBexMFPMKjn1",195154893,186063038,106720884,148407173,140962473,"Yes","Yes","Yes","Yes","Yes"
"nebu15XQKGpxzhhckADBX9PgvGN5qk9RRJCFLKc118w","nebu1WnZBrFZz5X7sfPWuEqyb8LBSsrXpxaesnK9CRE",177677271,149617651,154412511,271644452,158095308,"Yes","Yes","Yes","Yes","Yes"
"noMiSMNpN3iGeX3WdF5M2KQdFUQt2RYYpfJ4dN1Ni3k","noMiSdYbNQmFDrH2qMvYRXXzb5DUvjyPyDkXadzAPUV",5249371,3951692,4069372,0,0,"No","No","No","Yes","Yes"
"novaeuhY2JH2WHhc9KVTHDx2cyJZdXJC6faf4CtARZn","novaoLcuVHSudkW3Cphuhiv82vspN5qzinGCtEbwQxz",76429585,57036605,67597315,159332746,84515149,"Yes","Yes","Yes","Yes","Yes"
"nxts9SpchNGqWHRB3zmhskt434MCbUUwkeUcs6xX5oe","nxtHdSDmUZ8dWTC7KuPp8ZLxVVxhim4RCL4pmaQnLFA",14845620,4581068,4789517,6728762,7434494,"No","No","No","No","No"
"nymsHergYedT9CJMgtGMvqXUTGcbs5o3MiWTJUbqTGY","nymsndUdAZyUPpWYz5VEg8Ghj9cFvwTRgciLogpmYaQ",161545447,204430541,179440382,280404710,345369234,"Yes","Yes","Yes","Yes","Yes"
"odcvDWH5wHVKz9XtmGGxTj5ZsmawTjCCty3nyBKDGzS","odc2aCE7yWTcV8ApP1cHmVqQZTkLNduqaYyKE1XhpE3",53428397,52041143,47855679,61767911,59678600,"Yes","Yes","Yes","Yes","Yes"
"parayLyZvwnGjDT2pGqrVn8UDxmNcdNQCE8uPRWMeRz","ParaCzYN8KHz4B7xsSeEpmTyE5EBjpWifbpSfsDkiTq",26227088,35567989,32684992,27156206,23733913,"Yes","Yes","Yes","Yes","Yes"
"phz1CRbEsCtFCh2Ro5tjyu588VU1WPMwW9BJS9yFNn2","phz34EcgWRCT9otPzRS2JtSzVHxQJk4SovqJvV1TQk8",260060155,279113616,185917610,996728140,272838769,"Yes","Yes","Yes","Yes","Yes"
"pidrcoD3t88h8MzJU2EACHL8A6iMoQqwueXPA8KLwUS","Hoo2PaowEdA1owJ4t6uJFGdSbgyWV5qGYRtTVChHgw3x",50839725,95606431,2225013,1188977,0,"Yes","No","Yes","Yes","Yes"
"pineXRUnbaLNFMxaM3zBmFfTiKgQMGqT9jYHXZWq2Fw","pine9rHVDS1pjwdhYkx3vRyaAyRd5KPDKXZEXAqvxcX",20743585,22646691,33129407,34227493,17488061,"Yes","Yes","Yes","Yes","Yes"
"pitMDEaMmWmr7qP8HsNqarPQkd3jhZbLJibhhQnL5RG","BLX5PkLh7GsHaqCpLDxiW3UjxfT2GMyteVAhRZBYhCts",205744990,210958339,116600343,195758818,97848498,"Yes","Yes","Yes","Yes","Yes"
"pitch9cMruwjDtAnisNS4mwZUPhMsBztNEGu2weMg55","P1TCHYwYPsNaNUK6fGkZzwXPjnYAMYRnUUv4c1TREee",15267992,27168966,9050731,4211338,15028075,"Yes","Yes","Yes","Yes","Yes"
"popscoyTKVksa4TyTXw488b3vvFxM7qQEyTBeMQopKu","HLM6hyDWrEca9QMS92nDBa2AreU1qDkppttPVuJ7E2CU",141644682,147624924,121464389,288752389,127122222,"Yes","Yes","Yes","Yes","Yes"
"ppppoqHcHVzigV6SK4856BAsNxhTAi32hqQQWrziyHE","vvvvXsU6iG2enDVvs4KeVqS4YrZczTujSv5p3dSeNHx",30622665,73254862,57805085,213037881,79562710,"Yes","Yes","Yes","Yes","No"
"prt1st4RSxAt32ams4zsXCe1kavzmKeoR7eh1sdYRXW","prt1s9dMM15LdsUX9HugajzqPB5WVN8a2mw3frAiCfj",31506470,12573895,22406245,22605193,58310748,"Yes","Yes","Yes","Yes","Yes"
"puffinQSvKFriPbyE5atyx1ptfnyytovbzxybr1jsyy","PUFFiNkUHF2DMfbKeUcYTSQckDDtkswfxZCDv5WQqwp",163859374,NA,171683878,370310380,234301241,"Yes",NA,"Yes","Yes","Yes"
"q1yPXLsYcJhzxhUYLewFDjYmsBh2gDFnYqrZ9VPshrk","FRqYRkp3tUoBc62pnabeX8SVr6p3v6HM2tzT2NVshrk",15507106,16068370,17195235,40202484,14518976,"Yes","Yes","Yes","Yes","Yes"
"qZMH9GWnnBkx7aM1h98iKSv2Lz5N78nwNSocAxDQrbP","6JfBwvcz5QUKQJ37BMKTLrf968DDJBtwoZLw19aHwFtQ",278132360,299241279,176566602,400808543,180502613,"Yes","Yes","Yes","Yes","Yes"
"radM7PKUpZwJ9bYPAJ7V8FXHeUmH1zim6iaXUKkftP9","radYEig9KGrMTMWbWRFV7LStotQbnLgPaEFHVDsudQz",204577111,327243371,260793421,329031929,300052286,"Yes","Yes","Yes","Yes","Yes"
"rapXHroUoGG3KvZ3qwjvGMdA7siWXwXpiNC1bYarvSC","rapxbkwBSSvtqRFrsY83f51oUuZNuVXci74MuzYhiCy",166594188,164624179,121291460,343123164,73090827,"Yes","Yes","Yes","Yes","Yes"
"s9bQfWdGJSTr8zHcFrDbuXpc2SgjS5jZvaor3t1shrk","Hcdhp5ovmEUEcyBZwv1DAZ5xz727fpZwujFaKCzshrk",17280082,24730621,12452629,17242995,8779425,"Yes","Yes","Yes","Yes","Yes"
"sCANXAaS1a7yB8jz3USvGNLfd8DSc9r7TNzNSKKPkfY","21oUQzzytWh6y3G3SQ7ehktMh1RrbsJNA4R5pAMNyyrG",2501028,30411087,2140947,7009445,8203573,"Yes","Yes","Yes","Yes","Yes"
"sTEAKPk59EtPPbixCweyv6oRLNCDEE8pnnef6gUfbiW","STeaKrJdxdPMww27XJsjRBfrzqfjFT1BxotgQtFyDgx",NA,NA,109828229,219276445,84633200,NA,NA,"Yes","Yes","Yes"
"sTEVErNNwF2qPnV6DuNPkWpEyCt4UU6k2Y3Hyn7WUFu","STevE9xVb1QfBHU4GgEn28r9oikAf5yxKJddF7fufwb",118557403,148226611,161887725,183492569,123711207,"Yes","Yes","Yes","Yes","Yes"
"sh4rk6QkkaHkYtn9TCNjTPmAk7yBHCNw35pp1KHo4UC","sh4rko7QjstESbderAwDEGitkXuuHdXLK4h8BQkr81i",59731149,91613014,70298376,62473493,63516550,"Yes","Yes","Yes","Yes","Yes"
"simpRo1FrQYGa1moicfgnPDp6KyE38d4gYrZzhjXYJb","Simpj3KyRQmpRkXuBvCQFS7DBBG6vqw93SkZb9UD1hp",218727137,335051300,263452483,321246416,155172759,"Yes","Yes","Yes","Yes","Yes"
"soLStaCk5TiGCpeLKa9Fvv6f5JQGMa6S3uhLh826e9N","soLStAckuvkHtNzHF1cwmeSRG1FzVxKxwsdWZ1yrHrz",62792682,71536635,21953942,83203175,64309346,"Yes","Yes","Yes","Yes","Yes"
"spcti6GQVvinbtHU9UAkbXhjTcBJaba1NVx4tmK4M5F","49DJjUX3cwFvaZD5rCAwubiz7qdRWDez9xmB381XdHru",175152787,164752109,182546563,357692159,148890458,"Yes","Yes","Yes","Yes","Yes"
"spur5CDwBvTZszvy1ozGjRc1x2TuDWo3VF4jrq7zgvD","spuraUaJeFZfdbgXpJhgqEHFAXatfrMArARXhXioxKd",68581441,58169299,73676715,96828105,78692215,"No","No","No","No","No"
"stacheBmGG5zMKuetUevAbc4m4dLbve1VPcpSur3voH","sTach38ebT8jnGH8i2D1g8NDAS6An19whVMnSSWPXt4",212975324,125837374,113849347,233538861,150788895,"Yes","Yes","Yes","Yes","Yes"
"te1ee9rGf369wxYQkuxkvuvMuTJ9cksgZySmNUF8rNY","te1exfYnykh2cFGCwGSLQu26Dpr8n2PozvBqH5Eoi3K",20812719,25537631,9267004,10866036,28721363,"Yes","Yes","Yes","Yes","Yes"
"tkmaiSoZ3F8MofkQBVWG6JYSCzyN6ioe7ReYXohx3WJ","TKMA1fBGq4M7gF2CNnhphX6vNateFc2cm2FL2mYwq7e",43656221,46561266,35099155,43501032,37236564,"Yes","Yes","Yes","Yes","Yes"
"uEhHSnCXvWgtgvVaYscPHjG13G3peMmngQQ2ghC54i3","5K8qgC9nHzKHSSyo9fKLsMfYmavYdMgEaYx86cMmVKVv",33051320,51875814,32411216,60602308,36858956,"Yes","Yes","Yes","Yes","Yes"
"ungM4fafkQg1e13MAzwzuvCxtTTiTZ4Xcq7KqnJRyVJ","HkK6U5e8HkTs5uE7VEWQ2H3NuznjLF1mpoRVjzdDgfF5",54325692,103013926,62005894,91803149,67673822,"Yes","Yes","Yes","Yes","Yes"
"uxqVAFQfox97HazsPtkKiwhypQH6jEGXkQBHDtXshrk","gGQb6ZcDG7fsVLWTvXZ1LLoY348tc1zcP2wkh8kshrk",25945402,32814108,27736553,50293211,35677798,"Yes","Yes","Yes","Yes","Yes"
"vALigXFg9wnnhVHN16vNxHxXtAXiBv5QjAE6udoniBY","gaToR246dheK1DGAMEqxMdBJZwU4qFyt7DzhSwAHFWF",208586312,174666264,156619706,177624090,128013781,"Yes","Yes","Yes","Yes","Yes"
"vE8K2TUzwD9NAiTcDjGx6rF8aqU7s3mYtvCmQjHshrk","13WYH5onYubA1gnKbnv222oNZ61pNfSXN5EYyvgGshrk",27026035,47353024,12235212,127397901,19146039,"Yes","Yes","Yes","Yes","Yes"
"vaoJKVZYPAsqc52T2nNQhABR1gU6Cy2koDKfCQaEiva","voEskim7SFWrPx1tV2PVisqyrJejxmDEARX11mtZ5vo",67770677,96538430,92736755,115482488,87445557,"Yes","Yes","Yes","Yes","Yes"
"vnd1Ps8w3fsi54qUMJxBhUWARES34Qw7JQXDZxvbysd","vnd1jskPHR2gfMtgTtq6xCwANrAiNbQTKgVBAJHnMke",25214253,73530977,42391536,129929888,52975231,"Yes","Yes","Yes","Yes","Yes"
"wetkjRRRDrSPAzHqfVHtFDbhNnejKm5UPfkHeccFCpo","wetwJSUHT5afX3gP49q75gkz8FcCfvsw2kuSQ1UjT9R",87440006,103284448,75585566,191707375,75447653,"Yes","Yes","Yes","Yes","Yes"
"zeroT6PTAEjipvZuACTh1mbGCqTHgA6i1ped9DcuidX","5BAi9YGCipHq4ZcXuen5vagRQqRTVTRszXNqBZC6uBPZ",265591655,319745714,186134535,327129249,172871122,"Yes","Yes","Yes","Yes","Yes"
